objective,budget_frac,method,bb_recall,final_recall,bb_recall_mean,final_recall_mean
O1,0.02,cmaes,0.095 ± 0.075,0.083 ± 0.062,0.09452054794520547,0.08275862068965517
O1,0.02,de,0.107 ± 0.076,0.105 ± 0.075,0.10684931506849314,0.1053639846743295
O1,0.02,ensemble_ts,0.283 ± 0.113,0.249 ± 0.101,0.282648401826484,0.24942528735632183
O1,0.02,ga,0.088 ± 0.083,0.088 ± 0.081,0.08812785388127854,0.08773946360153256
O1,0.02,gp_ei,0.172 ± 0.075,0.146 ± 0.064,0.17214611872146118,0.14559386973180077
O1,0.02,graph_social,0.025 ± 0.026,0.028 ± 0.024,0.025114155251141548,0.027586206896551724
O1,0.02,greedy_walk,0.014 ± 0.040,0.013 ± 0.034,0.01415525114155251,0.012643678160919542
O1,0.02,pso,0.166 ± 0.108,0.162 ± 0.097,0.16621004566210043,0.16168582375478927
O1,0.02,random,0.026 ± 0.020,0.022 ± 0.017,0.026027397260273973,0.021839080459770115
O1,0.02,social_ws,0.021 ± 0.040,0.021 ± 0.034,0.020547945205479454,0.0210727969348659
O1,0.02,static_diverse,0.038 ± 0.011,0.032 ± 0.009,0.03789954337899543,0.0318007662835249
O1,0.05,cmaes,0.194 ± 0.147,0.174 ± 0.128,0.19406392694063926,0.1743295019157088
O1,0.05,de,0.274 ± 0.155,0.260 ± 0.144,0.2735159817351598,0.26015325670498085
O1,0.05,ensemble_ts,0.638 ± 0.060,0.596 ± 0.064,0.6383561643835616,0.5961685823754789
O1,0.05,ga,0.186 ± 0.115,0.183 ± 0.114,0.18630136986301368,0.18275862068965518
O1,0.05,gp_ei,0.511 ± 0.070,0.465 ± 0.064,0.510958904109589,0.4651340996168582
O1,0.05,graph_social,0.090 ± 0.067,0.089 ± 0.054,0.09041095890410958,0.08850574712643679
O1,0.05,greedy_walk,0.016 ± 0.049,0.016 ± 0.047,0.01643835616438356,0.016091954022988506
O1,0.05,pso,0.339 ± 0.117,0.322 ± 0.102,0.3388127853881278,0.3222222222222222
O1,0.05,random,0.061 ± 0.028,0.052 ± 0.023,0.06118721461187214,0.05172413793103448
O1,0.05,social_ws,0.029 ± 0.060,0.030 ± 0.052,0.029223744292237442,0.029501915708812262
O1,0.05,static_diverse,0.089 ± 0.015,0.075 ± 0.013,0.08904109589041095,0.07471264367816091
O2,0.02,cmaes,0.038 ± 0.024,0.039 ± 0.025,0.03815261044176707,0.03946360153256705
O2,0.02,de,0.076 ± 0.032,0.079 ± 0.032,0.07550200803212852,0.07931034482758621
O2,0.02,ensemble_ts,0.086 ± 0.035,0.091 ± 0.038,0.08634538152610441,0.09080459770114942
O2,0.02,ga,0.051 ± 0.035,0.054 ± 0.036,0.05140562248995984,0.05440613026819923
O2,0.02,gp_ei,0.039 ± 0.027,0.039 ± 0.029,0.0393574297188755,0.03946360153256705
O2,0.02,graph_social,0.065 ± 0.031,0.067 ± 0.033,0.06506024096385542,0.06704980842911877
O2,0.02,greedy_walk,0.024 ± 0.020,0.025 ± 0.022,0.024096385542168676,0.02528735632183908
O2,0.02,pso,0.055 ± 0.041,0.061 ± 0.047,0.055421686746987955,0.06130268199233716
O2,0.02,random,0.023 ± 0.018,0.022 ± 0.017,0.023293172690763052,0.02222222222222222
O2,0.02,social_ws,0.054 ± 0.027,0.057 ± 0.030,0.05381526104417671,0.057088122605363986
O2,0.02,static_diverse,0.010 ± 0.007,0.009 ± 0.007,0.00963855421686747,0.009195402298850575
O2,0.05,cmaes,0.139 ± 0.035,0.145 ± 0.035,0.13855421686746988,0.14482758620689656
O2,0.05,de,0.167 ± 0.039,0.175 ± 0.041,0.1674698795180723,0.17509578544061305
O2,0.05,ensemble_ts,0.204 ± 0.047,0.215 ± 0.050,0.2040160642570281,0.2149425287356322
O2,0.05,ga,0.149 ± 0.045,0.159 ± 0.048,0.14859437751004018,0.15862068965517243
O2,0.05,gp_ei,0.161 ± 0.036,0.163 ± 0.038,0.1610441767068273,0.1632183908045977
O2,0.05,graph_social,0.140 ± 0.043,0.153 ± 0.045,0.14016064257028113,0.1528735632183908
O2,0.05,greedy_walk,0.049 ± 0.021,0.052 ± 0.023,0.048995983935742976,0.05172413793103448
O2,0.05,pso,0.108 ± 0.052,0.115 ± 0.058,0.10843373493975904,0.11455938697318008
O2,0.05,random,0.062 ± 0.024,0.059 ± 0.023,0.06184738955823293,0.059003831417624525
O2,0.05,social_ws,0.118 ± 0.052,0.130 ± 0.058,0.11807228915662651,0.12950191570881225
O2,0.05,static_diverse,0.012 ± 0.008,0.012 ± 0.008,0.01244979919678715,0.011877394636015327
O3,0.02,cmaes,0.031 ± 0.021,0.030 ± 0.020,0.03132530120481928,0.029885057471264367
O3,0.02,de,0.029 ± 0.023,0.030 ± 0.023,0.029317269076305223,0.029501915708812262
O3,0.02,ensemble_ts,0.061 ± 0.032,0.059 ± 0.029,0.0606425702811245,0.059003831417624525
O3,0.02,ga,0.029 ± 0.019,0.031 ± 0.019,0.02891566265060241,0.03103448275862069
O3,0.02,gp_ei,0.039 ± 0.018,0.037 ± 0.017,0.038554216867469876,0.0367816091954023
O3,0.02,graph_social,0.026 ± 0.015,0.025 ± 0.015,0.02570281124497992,0.02528735632183908
O3,0.02,greedy_walk,0.026 ± 0.024,0.026 ± 0.023,0.02610441767068273,0.026053639846743294
O3,0.02,pso,0.031 ± 0.026,0.031 ± 0.025,0.030522088353413652,0.03065134099616858
O3,0.02,random,0.019 ± 0.015,0.018 ± 0.014,0.01887550200803213,0.01800766283524904
O3,0.02,social_ws,0.019 ± 0.012,0.021 ± 0.015,0.019277108433734938,0.020689655172413793
O3,0.02,static_diverse,0.016 ± 0.011,0.016 ± 0.010,0.016465863453815264,0.015708812260536397
O3,0.05,cmaes,0.070 ± 0.028,0.071 ± 0.026,0.06987951807228915,0.07126436781609195
O3,0.05,de,0.081 ± 0.042,0.081 ± 0.040,0.08112449799196787,0.08122605363984675
O3,0.05,ensemble_ts,0.145 ± 0.047,0.143 ± 0.042,0.14538152610441768,0.14252873563218393
O3,0.05,ga,0.062 ± 0.030,0.063 ± 0.028,0.06224899598393574,0.06321839080459771
O3,0.05,gp_ei,0.123 ± 0.034,0.118 ± 0.032,0.12329317269076305,0.11762452107279693
O3,0.05,graph_social,0.049 ± 0.022,0.051 ± 0.025,0.04939759036144578,0.05057471264367816
O3,0.05,greedy_walk,0.055 ± 0.039,0.054 ± 0.038,0.05502008032128514,0.05440613026819923
O3,0.05,pso,0.067 ± 0.036,0.067 ± 0.035,0.06746987951807229,0.06704980842911877
O3,0.05,random,0.049 ± 0.020,0.047 ± 0.019,0.04939759036144578,0.047126436781609195
O3,0.05,social_ws,0.043 ± 0.022,0.045 ± 0.026,0.0429718875502008,0.04482758620689655
O3,0.05,static_diverse,0.031 ± 0.016,0.029 ± 0.015,0.030522088353413655,0.029118773946360154
O4,0.02,cmaes,0.113 ± 0.049,0.105 ± 0.044,0.11266666666666668,0.10493827160493827
O4,0.02,de,0.079 ± 0.066,0.081 ± 0.065,0.07866666666666666,0.08148148148148147
O4,0.02,ensemble_ts,0.201 ± 0.112,0.190 ± 0.106,0.2006666666666667,0.18950617283950616
O4,0.02,ga,0.073 ± 0.063,0.070 ± 0.060,0.07333333333333333,0.07037037037037037
O4,0.02,gp_ei,0.095 ± 0.068,0.090 ± 0.064,0.09533333333333334,0.08950617283950617
O4,0.02,graph_social,0.025 ± 0.040,0.023 ± 0.039,0.024666666666666667,0.02345679012345679
O4,0.02,greedy_walk,0.029 ± 0.068,0.028 ± 0.064,0.029333333333333333,0.028395061728395062
O4,0.02,pso,0.151 ± 0.081,0.146 ± 0.075,0.15066666666666667,0.145679012345679
O4,0.02,random,0.027 ± 0.023,0.025 ± 0.021,0.02733333333333333,0.02530864197530864
O4,0.02,social_ws,0.021 ± 0.035,0.020 ± 0.035,0.021333333333333333,0.02037037037037037
O4,0.02,static_diverse,0.005 ± 0.009,0.005 ± 0.008,0.005333333333333333,0.0049382716049382715
O4,0.05,cmaes,0.243 ± 0.089,0.226 ± 0.083,0.24266666666666667,0.22592592592592592
O4,0.05,de,0.233 ± 0.128,0.229 ± 0.124,0.23333333333333334,0.22901234567901235
O4,0.05,ensemble_ts,0.548 ± 0.108,0.523 ± 0.108,0.548,0.5234567901234568
O4,0.05,ga,0.179 ± 0.092,0.170 ± 0.089,0.17933333333333332,0.17037037037037037
O4,0.05,gp_ei,0.375 ± 0.095,0.353 ± 0.087,0.37533333333333335,0.3530864197530864
O4,0.05,graph_social,0.083 ± 0.056,0.082 ± 0.058,0.08266666666666667,0.08209876543209876
O4,0.05,greedy_walk,0.047 ± 0.092,0.044 ± 0.086,0.04666666666666666,0.04444444444444444
O4,0.05,pso,0.356 ± 0.104,0.344 ± 0.099,0.356,0.34382716049382717
O4,0.05,random,0.065 ± 0.032,0.060 ± 0.030,0.06533333333333333,0.06049382716049382
O4,0.05,social_ws,0.042 ± 0.051,0.042 ± 0.052,0.042,0.0419753086419753
O4,0.05,static_diverse,0.045 ± 0.018,0.042 ± 0.017,0.04533333333333334,0.0419753086419753
