method,early_median_percentile,late_median_percentile
cmaes,0.684942433708183,0.4857744488803091
de,0.46606215155034375,0.4298156588840317
ensemble_ts,0.6262743189326397,0.5796048493742412
ga,0.3882106927753809,0.38976659690709314
gp_ei,0.7884081989108569,0.7412704576927915
graph_social,0.2409179482223174,0.17385058794070038
greedy_walk,0.40257506679812266,0.2860304129612414
pso,0.4942330910275431,0.5288532544086568
random,0.4957337342325674,0.4817338216009995
social_ws,0.04691655840555014,0.17222597494884717
static_diverse,0.9783514351949268,0.8762445085496727
