configuration,objective,early_median_percentile,late_median_percentile
default,O2,0.2015388448123874,0.05191253689011536
sync off,O2,0.2285309110421218,0.05536966770150627
no neighbor term (α=β=0),O2,0.4139492545322142,0.0912728527078303
elite off,O2,0.1971273619255682,0.07769729025334407
mutation off,O2,0.16173776397991643,0.0663983749185543
default,O3,0.20964125560538116,0.09251657659729409
sync off,O3,0.2544383120616304,0.10139703345981373
no neighbor term (α=β=0),O3,0.42596872484764864,0.1694779809129585
elite off,O3,0.21699053313403088,0.10112107623318385
mutation off,O3,0.16095971791039057,0.13386608409029935
