method,objective,budget_frac,expected,finished
cmaes,O1,0.005,30,30
cmaes,O1,0.01,30,30
cmaes,O1,0.02,30,30
cmaes,O1,0.05,30,30
cmaes,O2,0.005,30,30
cmaes,O2,0.01,30,30
cmaes,O2,0.02,30,30
cmaes,O2,0.05,30,30
cmaes,O3,0.005,30,30
cmaes,O3,0.01,30,30
cmaes,O3,0.02,30,30
cmaes,O3,0.05,30,30
cmaes,O4,0.005,30,30
cmaes,O4,0.01,30,30
cmaes,O4,0.02,30,30
cmaes,O4,0.05,30,30
de,O1,0.005,30,30
de,O1,0.01,30,30
de,O1,0.02,30,30
de,O1,0.05,30,30
de,O2,0.005,30,30
de,O2,0.01,30,30
de,O2,0.02,30,30
de,O2,0.05,30,30
de,O3,0.005,30,30
de,O3,0.01,30,30
de,O3,0.02,30,30
de,O3,0.05,30,30
de,O4,0.005,30,30
de,O4,0.01,30,30
de,O4,0.02,30,30
de,O4,0.05,30,30
ensemble_ts,O1,0.005,30,30
ensemble_ts,O1,0.01,30,30
ensemble_ts,O1,0.02,30,30
ensemble_ts,O1,0.05,30,30
ensemble_ts,O2,0.005,30,30
ensemble_ts,O2,0.01,30,30
ensemble_ts,O2,0.02,30,30
ensemble_ts,O2,0.05,30,30
ensemble_ts,O3,0.005,30,30
ensemble_ts,O3,0.01,30,30
ensemble_ts,O3,0.02,30,30
ensemble_ts,O3,0.05,30,30
ensemble_ts,O4,0.005,30,30
ensemble_ts,O4,0.01,30,30
ensemble_ts,O4,0.02,30,30
ensemble_ts,O4,0.05,30,30
ga,O1,0.005,30,30
ga,O1,0.01,30,30
ga,O1,0.02,30,30
ga,O1,0.05,30,30
ga,O2,0.005,30,30
ga,O2,0.01,30,30
ga,O2,0.02,30,30
ga,O2,0.05,30,30
ga,O3,0.005,30,30
ga,O3,0.01,30,30
ga,O3,0.02,30,30
ga,O3,0.05,30,30
ga,O4,0.005,30,30
ga,O4,0.01,30,30
ga,O4,0.02,30,30
ga,O4,0.05,30,30
gp_ei,O1,0.005,30,30
gp_ei,O1,0.01,30,30
gp_ei,O1,0.02,30,30
gp_ei,O1,0.05,30,30
gp_ei,O2,0.005,30,30
gp_ei,O2,0.01,30,30
gp_ei,O2,0.02,30,30
gp_ei,O2,0.05,30,30
gp_ei,O3,0.005,30,30
gp_ei,O3,0.01,30,30
gp_ei,O3,0.02,30,30
gp_ei,O3,0.05,30,30
gp_ei,O4,0.005,30,30
gp_ei,O4,0.01,30,30
gp_ei,O4,0.02,30,30
gp_ei,O4,0.05,30,30
graph_social,O1,0.005,30,30
graph_social,O1,0.01,30,30
graph_social,O1,0.02,30,30
graph_social,O1,0.05,30,30
graph_social,O2,0.005,30,30
graph_social,O2,0.01,30,30
graph_social,O2,0.02,30,30
graph_social,O2,0.05,30,30
graph_social,O3,0.005,30,30
graph_social,O3,0.01,30,30
graph_social,O3,0.02,30,30
graph_social,O3,0.05,30,30
graph_social,O4,0.005,30,30
graph_social,O4,0.01,30,30
graph_social,O4,0.02,30,30
graph_social,O4,0.05,30,30
graph_social (ablation/sensitivity),O2,0.02,780,780
graph_social (ablation/sensitivity),O3,0.02,780,780
greedy_walk,O1,0.005,30,30
greedy_walk,O1,0.01,30,30
greedy_walk,O1,0.02,30,30
greedy_walk,O1,0.05,30,30
greedy_walk,O2,0.005,30,30
greedy_walk,O2,0.01,30,30
greedy_walk,O2,0.02,30,30
greedy_walk,O2,0.05,30,30
greedy_walk,O3,0.005,30,30
greedy_walk,O3,0.01,30,30
greedy_walk,O3,0.02,30,30
greedy_walk,O3,0.05,30,30
greedy_walk,O4,0.005,30,30
greedy_walk,O4,0.01,30,30
greedy_walk,O4,0.02,30,30
greedy_walk,O4,0.05,30,30
pso,O1,0.005,30,30
pso,O1,0.01,30,30
pso,O1,0.02,30,30
pso,O1,0.05,30,30
pso,O2,0.005,30,30
pso,O2,0.01,30,30
pso,O2,0.02,30,30
pso,O2,0.05,30,30
pso,O3,0.005,30,30
pso,O3,0.01,30,30
pso,O3,0.02,30,30
pso,O3,0.05,30,30
pso,O4,0.005,30,30
pso,O4,0.01,30,30
pso,O4,0.02,30,30
pso,O4,0.05,30,30
random,O1,0.005,30,30
random,O1,0.01,30,30
random,O1,0.02,30,30
random,O1,0.05,30,30
random,O2,0.005,30,30
random,O2,0.01,30,30
random,O2,0.02,30,30
random,O2,0.05,30,30
random,O3,0.005,30,30
random,O3,0.01,30,30
random,O3,0.02,30,30
random,O3,0.05,30,30
random,O4,0.005,30,30
random,O4,0.01,30,30
random,O4,0.02,30,30
random,O4,0.05,30,30
social_ws,O1,0.005,30,30
social_ws,O1,0.01,30,30
social_ws,O1,0.02,30,30
social_ws,O1,0.05,30,30
social_ws,O2,0.005,30,30
social_ws,O2,0.01,30,30
social_ws,O2,0.02,30,30
social_ws,O2,0.05,30,30
social_ws,O3,0.005,30,30
social_ws,O3,0.01,30,30
social_ws,O3,0.02,30,30
social_ws,O3,0.05,30,30
social_ws,O4,0.005,30,30
social_ws,O4,0.01,30,30
social_ws,O4,0.02,30,30
social_ws,O4,0.05,30,30
static_diverse,O1,0.005,30,30
static_diverse,O1,0.01,30,30
static_diverse,O1,0.02,30,30
static_diverse,O1,0.05,30,30
static_diverse,O2,0.005,30,30
static_diverse,O2,0.01,30,30
static_diverse,O2,0.02,30,30
static_diverse,O2,0.05,30,30
static_diverse,O3,0.005,30,30
static_diverse,O3,0.01,30,30
static_diverse,O3,0.02,30,30
static_diverse,O3,0.05,30,30
static_diverse,O4,0.005,30,30
static_diverse,O4,0.01,30,30
static_diverse,O4,0.02,30,30
static_diverse,O4,0.05,30,30
