objective,budget_frac,seeds,every_step,every_10,p_wilcoxon_two_sided
O1,0.005,30,0.02298850574712644,0.011877394636015327,0.03467463328345655
O1,0.01,30,0.06206896551724138,0.05095785440613027,0.26225068978157096
O1,0.02,30,0.15440613026819924,0.14559386973180077,0.7757692439358271
O2,0.005,30,0.0030651340996168583,0.0034482758620689655,0.7962534147376392
O2,0.01,30,0.014559386973180077,0.013026819923371647,0.5327067459782595
O2,0.02,30,0.03908045977011494,0.03946360153256705,0.8609783255821336
O3,0.005,30,0.0026819923371647508,0.0053639846743295016,0.08955507441364254
O3,0.01,30,0.011877394636015327,0.013793103448275862,0.5659599665310179
O3,0.02,30,0.0367816091954023,0.0367816091954023,0.9507495987665912
O4,0.005,30,0.03271604938271604,0.014814814814814814,0.018902523793247448
O4,0.01,30,0.05123456790123457,0.03024691358024691,0.03847190978102379
O4,0.02,30,0.10802469135802469,0.08950617283950617,0.32089619978031825
