source,property,pearson_vs_original,max_abs_diff
mendeleev,AN,1.0,4.943820214320382e-10
mendeleev,AW,0.9999999992523146,4.5917087161950754e-05
mendeleev,AR,0.8213874889846644,0.2777777777777778
mendeleev,ME,0.9305363236328238,0.2883044369520631
mendeleev,P,0.9921371028586575,0.1467961814011553
mendeleev,EA,0.4951691305312992,0.6539256198347108
mordred,AN,1.0,4.943820214320382e-10
mordred,AW,0.9999999979516787,8.919047488098464e-05
mordred,AR,0.8396788869186975,0.3225490199411766
mordred,ME,0.9305322754426171,0.2883066093787081
mordred,P,0.9981532674080167,0.06988821364705888
mordred,EA,0.4951691305312992,0.6539256198347108
