group,method,variant,objective,budget_frac,seed,topology,comm_phi,P,params,key,budget,wall_time_s,h3_new_family_hits,h3_new_family_hits_with_nb,h3_new_family_hits_nb_top_decile,h3_evals_with_nb,h3_evals_nb_top_decile,n_universe,n_hits_total,hits_found,final_recall,recall_auc,enrichment_factor,simple_regret,family_coverage,families_with_hits,families_found,first_hit_eval,label
phase6,graph_social,topo=mgn_phi0.70,O2,0.02,0,mgn_phi0.70,0.7,10,{},graph_social__topo=mgn_phi0.70__O2__b0.02__P10__c0.70__s0,174,0.18665824667550623,4,3,0,29,0,8697,87,5,0.05747126436781609,0.0186286167261197,2.8725723345223937,0.0,0.06557377049180328,61,4,99.0,MOFGalaxyNet
phase6,graph_social,topo=mgn_phi0.70_rho0.10,O2,0.02,0,mgn_phi0.70_rho0.10,0.7,10,{},graph_social__topo=mgn_phi0.70_rho0.10__O2__b0.02__P10__c0.70__s0,174,0.1306092020822689,4,3,0,73,17,8697,87,6,0.06896551724137931,0.021469150482230154,3.4470868014268725,0.0,0.06557377049180328,61,4,94.0,MOFGalaxyNet+ρ=0.10
phase6,graph_social,topo=mgn_phi0.70_degrand,O2,0.02,0,mgn_phi0.70_degrand,0.7,10,{},graph_social__topo=mgn_phi0.70_degrand__O2__b0.02__P10__c0.70__s0,174,0.2764675335492939,1,1,1,120,62,8697,87,1,0.011494252873563218,0.010701545778834724,0.5745144669044787,0.0,0.01639344262295082,61,1,13.0,degree-preserving random
phase6,graph_social,topo=ws_phi0.70,O2,0.02,0,ws_phi0.70,0.7,10,{},graph_social__topo=ws_phi0.70__O2__b0.02__P10__c0.70__s0,174,0.08390907314606011,3,2,0,142,22,8697,87,6,0.06896551724137931,0.028603514334786632,3.4470868014268725,0.0008120000000000002,0.04918032786885246,61,3,30.0,Watts–Strogatz
phase6,random,topo=mgn_phi0.70,O2,0.02,0,mgn_phi0.70,0.7,10,{},random__topo=mgn_phi0.70__O2__b0.02__P10__c0.70__s0,174,0.00031794793903827667,1,0,0,0,0,8697,87,1,0.011494252873563218,0.007332540626238608,0.5745144669044787,0.004669,0.01639344262295082,61,1,64.0,random search
phase6,graph_social,topo=mgn_phi0.70,O2,0.02,1,mgn_phi0.70,0.7,10,{},graph_social__topo=mgn_phi0.70__O2__b0.02__P10__c0.70__s1,174,0.24682366044726223,6,4,1,46,20,8697,87,7,0.08045977011494253,0.02781080724005813,4.021601268331351,0.0008120000000000002,0.09836065573770492,61,6,25.0,MOFGalaxyNet
phase6,graph_social,topo=mgn_phi0.70_rho0.10,O2,0.02,1,mgn_phi0.70_rho0.10,0.7,10,{},graph_social__topo=mgn_phi0.70_rho0.10__O2__b0.02__P10__c0.70__s1,174,0.4840461261337623,5,4,2,105,69,8697,87,5,0.05747126436781609,0.025300568106751225,2.8725723345223937,0.0008120000000000002,0.08196721311475409,61,5,25.0,MOFGalaxyNet+ρ=0.10
phase6,graph_social,topo=mgn_phi0.70_degrand,O2,0.02,1,mgn_phi0.70_degrand,0.7,10,{},graph_social__topo=mgn_phi0.70_degrand__O2__b0.02__P10__c0.70__s1,174,0.44310811744071543,4,4,0,138,60,8697,87,6,0.06896551724137931,0.027678689390936706,3.4470868014268725,0.0008120000000000002,0.06557377049180328,61,4,91.0,degree-preserving random
phase6,graph_social,topo=ws_phi0.70,O2,0.02,1,ws_phi0.70,0.7,10,{},graph_social__topo=ws_phi0.70__O2__b0.02__P10__c0.70__s1,174,0.12221503432374448,4,4,1,140,35,8697,87,5,0.05747126436781609,0.030519223147047175,2.8725723345223937,0.0008120000000000002,0.06557377049180328,61,4,37.0,Watts–Strogatz
phase6,random,topo=mgn_phi0.70,O2,0.02,1,mgn_phi0.70,0.7,10,{},random__topo=mgn_phi0.70__O2__b0.02__P10__c0.70__s1,174,0.00028095452580600977,1,0,0,0,0,8697,87,1,0.011494252873563218,0.007794953098163566,0.5745144669044787,0.0007079999999999999,0.01639344262295082,61,1,57.0,random search
phase6,graph_social,topo=mgn_phi0.70,O2,0.02,2,mgn_phi0.70,0.7,10,{},graph_social__topo=mgn_phi0.70__O2__b0.02__P10__c0.70__s2,174,0.4090793337672949,4,2,0,63,27,8697,87,9,0.10344827586206896,0.02067644338750165,5.170630202140309,0.0008120000000000002,0.06557377049180328,61,4,106.0,MOFGalaxyNet
phase6,graph_social,topo=mgn_phi0.70_rho0.10,O2,0.02,2,mgn_phi0.70_rho0.10,0.7,10,{},graph_social__topo=mgn_phi0.70_rho0.10__O2__b0.02__P10__c0.70__s2,174,0.5430476696928963,3,2,0,111,80,8697,87,3,0.034482758620689655,0.012286959968291716,1.7235434007134363,0.0008120000000000002,0.04918032786885246,61,3,106.0,MOFGalaxyNet+ρ=0.10
phase6,graph_social,topo=mgn_phi0.70_degrand,O2,0.02,2,mgn_phi0.70_degrand,0.7,10,{},graph_social__topo=mgn_phi0.70_degrand__O2__b0.02__P10__c0.70__s2,174,0.32240661967080086,4,4,3,143,73,8697,87,4,0.04597701149425287,0.008785836966574182,2.298057867617915,0.0008120000000000002,0.06557377049180328,61,4,93.0,degree-preserving random
phase6,graph_social,topo=ws_phi0.70,O2,0.02,2,ws_phi0.70,0.7,10,{},graph_social__topo=ws_phi0.70__O2__b0.02__P10__c0.70__s2,174,0.11216082365717739,3,3,1,128,24,8697,87,4,0.04597701149425287,0.037983881622407206,2.298057867617915,0.0008120000000000002,0.04918032786885246,61,3,27.0,Watts–Strogatz
phase6,random,topo=mgn_phi0.70,O2,0.02,2,mgn_phi0.70,0.7,10,{},random__topo=mgn_phi0.70__O2__b0.02__P10__c0.70__s2,174,0.0002254595747217536,0,0,0,0,0,8697,87,0,0.0,0.0,0.0,0.210742,0.0,61,0,,random search
phase6,graph_social,topo=mgn_phi0.70,O2,0.02,3,mgn_phi0.70,0.7,10,{},graph_social__topo=mgn_phi0.70__O2__b0.02__P10__c0.70__s3,174,0.3813449962763116,4,2,2,44,21,8697,87,4,0.04597701149425287,0.019817677368212445,2.298057867617915,0.027996999999999998,0.06557377049180328,61,4,38.0,MOFGalaxyNet
phase6,graph_social,topo=mgn_phi0.70_rho0.10,O2,0.02,3,mgn_phi0.70_rho0.10,0.7,10,{},graph_social__topo=mgn_phi0.70_rho0.10__O2__b0.02__P10__c0.70__s3,174,0.5081469643628225,7,5,3,114,57,8697,87,10,0.11494252873563218,0.04670365966442067,5.745144669044787,0.0008120000000000002,0.11475409836065574,61,7,35.0,MOFGalaxyNet+ρ=0.10
phase6,graph_social,topo=mgn_phi0.70_degrand,O2,0.02,3,mgn_phi0.70_degrand,0.7,10,{},graph_social__topo=mgn_phi0.70_degrand__O2__b0.02__P10__c0.70__s3,174,0.38732716639060527,6,5,1,140,62,8697,87,7,0.08045977011494253,0.02298850574712643,4.021601268331351,0.0008120000000000002,0.09836065573770492,61,6,80.0,degree-preserving random
phase6,graph_social,topo=ws_phi0.70,O2,0.02,3,ws_phi0.70,0.7,10,{},graph_social__topo=ws_phi0.70__O2__b0.02__P10__c0.70__s3,174,0.11282245360780507,3,2,0,135,23,8697,87,6,0.06896551724137931,0.03917294226449993,3.4470868014268725,0.0,0.04918032786885246,61,3,23.0,Watts–Strogatz
phase6,random,topo=mgn_phi0.70,O2,0.02,3,mgn_phi0.70,0.7,10,{},random__topo=mgn_phi0.70__O2__b0.02__P10__c0.70__s3,174,0.0002479548566043377,0,0,0,0,0,8697,87,0,0.0,0.0,0.0,0.09722,0.0,61,0,,random search
phase6,graph_social,topo=mgn_phi0.70,O2,0.02,4,mgn_phi0.70,0.7,10,{},graph_social__topo=mgn_phi0.70__O2__b0.02__P10__c0.70__s4,174,0.31437003635801375,6,3,1,45,27,8697,87,7,0.08045977011494253,0.017901968555951914,4.021601268331351,0.0008120000000000002,0.09836065573770492,61,6,78.0,MOFGalaxyNet
phase6,graph_social,topo=mgn_phi0.70_rho0.10,O2,0.02,4,mgn_phi0.70_rho0.10,0.7,10,{},graph_social__topo=mgn_phi0.70_rho0.10__O2__b0.02__P10__c0.70__s4,174,0.5061922834720463,5,5,4,121,78,8697,87,6,0.06896551724137931,0.03857841194345356,3.4470868014268725,0.0008120000000000002,0.08196721311475409,61,5,37.0,MOFGalaxyNet+ρ=0.10
phase6,graph_social,topo=mgn_phi0.70_degrand,O2,0.02,4,mgn_phi0.70_degrand,0.7,10,{},graph_social__topo=mgn_phi0.70_degrand__O2__b0.02__P10__c0.70__s4,174,0.36813533946406096,6,6,2,142,83,8697,87,8,0.09195402298850575,0.02569692165411547,4.59611573523583,0.0008120000000000002,0.09836065573770492,61,6,40.0,degree-preserving random
phase6,graph_social,topo=ws_phi0.70,O2,0.02,4,ws_phi0.70,0.7,10,{},graph_social__topo=ws_phi0.70__O2__b0.02__P10__c0.70__s4,174,0.11364267370663583,4,3,0,137,25,8697,87,5,0.05747126436781609,0.027282335843572463,2.8725723345223937,0.0008120000000000002,0.06557377049180328,61,4,49.0,Watts–Strogatz
phase6,random,topo=mgn_phi0.70,O2,0.02,4,mgn_phi0.70,0.7,10,{},random__topo=mgn_phi0.70__O2__b0.02__P10__c0.70__s4,174,0.00022373476531356573,2,0,0,0,0,8697,87,2,0.022988505747126436,0.007200422777117188,1.1490289338089574,0.053738,0.03278688524590164,61,2,89.0,random search
phase6,graph_social,topo=mgn_phi0.70,O2,0.02,5,mgn_phi0.70,0.7,10,{},graph_social__topo=mgn_phi0.70__O2__b0.02__P10__c0.70__s5,174,0.10889627609867603,4,2,0,43,0,8697,87,5,0.05747126436781609,0.013806315233188005,2.8725723345223937,0.0008120000000000002,0.06557377049180328,61,4,62.0,MOFGalaxyNet
phase6,graph_social,topo=mgn_phi0.70_rho0.10,O2,0.02,5,mgn_phi0.70_rho0.10,0.7,10,{},graph_social__topo=mgn_phi0.70_rho0.10__O2__b0.02__P10__c0.70__s5,174,0.5102079990319908,7,6,1,116,58,8697,87,10,0.11494252873563218,0.062161448011626375,5.745144669044787,0.0008120000000000002,0.11475409836065574,61,7,58.0,MOFGalaxyNet+ρ=0.10
phase6,graph_social,topo=mgn_phi0.70_degrand,O2,0.02,5,mgn_phi0.70_degrand,0.7,10,{},graph_social__topo=mgn_phi0.70_degrand__O2__b0.02__P10__c0.70__s5,174,0.41992379154544324,5,5,1,140,61,8697,87,7,0.08045977011494253,0.04392918483287093,4.021601268331351,0.0008120000000000002,0.08196721311475409,61,5,29.0,degree-preserving random
phase6,graph_social,topo=ws_phi0.70,O2,0.02,5,ws_phi0.70,0.7,10,{},graph_social__topo=ws_phi0.70__O2__b0.02__P10__c0.70__s5,174,0.10053908219560981,4,4,1,141,23,8697,87,6,0.06896551724137931,0.03857841194345355,3.4470868014268725,0.0008120000000000002,0.06557377049180328,61,4,30.0,Watts–Strogatz
phase6,random,topo=mgn_phi0.70,O2,0.02,5,mgn_phi0.70,0.7,10,{},random__topo=mgn_phi0.70__O2__b0.02__P10__c0.70__s5,174,0.00020752870477735996,2,0,0,0,0,8697,87,2,0.022988505747126436,0.010833663627956137,1.1490289338089574,0.045545,0.03278688524590164,61,2,32.0,random search
phase6,graph_social,topo=mgn_phi0.70,O2,0.02,6,mgn_phi0.70,0.7,10,{},graph_social__topo=mgn_phi0.70__O2__b0.02__P10__c0.70__s6,174,0.3607967071002349,2,0,0,33,29,8697,87,2,0.022988505747126436,0.00997489760866693,1.1490289338089574,0.0,0.03278688524590164,61,2,42.0,MOFGalaxyNet
phase6,graph_social,topo=mgn_phi0.70_rho0.10,O2,0.02,6,mgn_phi0.70_rho0.10,0.7,10,{},graph_social__topo=mgn_phi0.70_rho0.10__O2__b0.02__P10__c0.70__s6,174,0.47192092379555106,5,4,1,106,66,8697,87,8,0.09195402298850575,0.0365305852820716,4.59611573523583,0.0008120000000000002,0.08196721311475409,61,5,31.0,MOFGalaxyNet+ρ=0.10
phase6,graph_social,topo=mgn_phi0.70_degrand,O2,0.02,6,mgn_phi0.70_degrand,0.7,10,{},graph_social__topo=mgn_phi0.70_degrand__O2__b0.02__P10__c0.70__s6,174,0.4208376985043287,2,2,1,119,57,8697,87,3,0.034482758620689655,0.023781212841854932,1.7235434007134363,0.019688999999999998,0.03278688524590164,61,2,25.0,degree-preserving random
phase6,graph_social,topo=ws_phi0.70,O2,0.02,6,ws_phi0.70,0.7,10,{},graph_social__topo=ws_phi0.70__O2__b0.02__P10__c0.70__s6,174,0.08034986956045032,3,2,1,137,34,8697,87,6,0.06896551724137931,0.023649094992733523,3.4470868014268725,0.0008120000000000002,0.04918032786885246,61,3,97.0,Watts–Strogatz
phase6,random,topo=mgn_phi0.70,O2,0.02,6,mgn_phi0.70,0.7,10,{},random__topo=mgn_phi0.70__O2__b0.02__P10__c0.70__s6,174,0.00020636257249861956,1,0,0,0,0,8697,87,1,0.011494252873563218,0.009908838684106228,0.5745144669044787,0.07428900000000001,0.01639344262295082,61,1,25.0,random search
phase6,graph_social,topo=mgn_phi0.70,O2,0.02,7,mgn_phi0.70,0.7,10,{},graph_social__topo=mgn_phi0.70__O2__b0.02__P10__c0.70__s7,174,0.13557503453921527,4,2,0,23,7,8697,87,6,0.06896551724137931,0.016977143612101998,3.4470868014268725,0.0,0.06557377049180328,61,4,85.0,MOFGalaxyNet
phase6,graph_social,topo=mgn_phi0.70_rho0.10,O2,0.02,7,mgn_phi0.70_rho0.10,0.7,10,{},graph_social__topo=mgn_phi0.70_rho0.10__O2__b0.02__P10__c0.70__s7,174,0.2702627805992961,1,0,0,101,48,8697,87,1,0.011494252873563218,0.0008587660192892059,0.5745144669044787,0.0,0.01639344262295082,61,1,162.0,MOFGalaxyNet+ρ=0.10
phase6,graph_social,topo=mgn_phi0.70_degrand,O2,0.02,7,mgn_phi0.70_degrand,0.7,10,{},graph_social__topo=mgn_phi0.70_degrand__O2__b0.02__P10__c0.70__s7,174,0.30612495681270957,0,0,0,128,81,8697,87,0,0.0,0.0,0.0,0.132817,0.0,61,0,,degree-preserving random
phase6,graph_social,topo=ws_phi0.70,O2,0.02,7,ws_phi0.70,0.7,10,{},graph_social__topo=ws_phi0.70__O2__b0.02__P10__c0.70__s7,174,0.07789154374040663,3,3,1,147,13,8697,87,5,0.05747126436781609,0.03170828378913991,2.8725723345223937,0.011002000000000001,0.04918032786885246,61,3,21.0,Watts–Strogatz
phase6,random,topo=mgn_phi0.70,O2,0.02,7,mgn_phi0.70,0.7,10,{},random__topo=mgn_phi0.70__O2__b0.02__P10__c0.70__s7,174,0.0002043248387053609,1,0,0,0,0,8697,87,1,0.011494252873563218,0.00832342449464923,0.5745144669044787,0.030873,0.01639344262295082,61,1,49.0,random search
phase6,graph_social,topo=mgn_phi0.70,O2,0.02,8,mgn_phi0.70,0.7,10,{},graph_social__topo=mgn_phi0.70__O2__b0.02__P10__c0.70__s8,174,0.4135545821627602,2,0,0,67,35,8697,87,2,0.022988505747126436,0.008125247720967102,1.1490289338089574,0.0,0.03278688524590164,61,2,91.0,MOFGalaxyNet
phase6,graph_social,topo=mgn_phi0.70_rho0.10,O2,0.02,8,mgn_phi0.70_rho0.10,0.7,10,{},graph_social__topo=mgn_phi0.70_rho0.10__O2__b0.02__P10__c0.70__s8,174,0.4943996238289401,1,0,0,117,75,8697,87,1,0.011494252873563218,0.005548949663099484,0.5745144669044787,0.019688999999999998,0.01639344262295082,61,1,91.0,MOFGalaxyNet+ρ=0.10
phase6,graph_social,topo=mgn_phi0.70_degrand,O2,0.02,8,mgn_phi0.70_degrand,0.7,10,{},graph_social__topo=mgn_phi0.70_degrand__O2__b0.02__P10__c0.70__s8,174,0.48463975079357624,3,2,0,145,78,8697,87,3,0.034482758620689655,0.00284053375611045,1.7235434007134363,0.0008120000000000002,0.04918032786885246,61,3,149.0,degree-preserving random
phase6,graph_social,topo=ws_phi0.70,O2,0.02,8,ws_phi0.70,0.7,10,{},graph_social__topo=ws_phi0.70__O2__b0.02__P10__c0.70__s8,174,0.09019366349093616,2,1,0,144,22,8697,87,2,0.022988505747126436,0.010701545778834722,1.1490289338089574,0.020003,0.03278688524590164,61,2,15.0,Watts–Strogatz
phase6,random,topo=mgn_phi0.70,O2,0.02,8,mgn_phi0.70,0.7,10,{},random__topo=mgn_phi0.70__O2__b0.02__P10__c0.70__s8,174,0.00020811741705983877,1,0,0,0,0,8697,87,1,0.011494252873563218,0.00033029462280354075,0.5745144669044787,0.014644999999999998,0.01639344262295082,61,1,170.0,random search
phase6,graph_social,topo=mgn_phi0.70,O2,0.02,9,mgn_phi0.70,0.7,10,{},graph_social__topo=mgn_phi0.70__O2__b0.02__P10__c0.70__s9,174,0.1722168701235205,6,2,0,29,7,8697,87,8,0.09195402298850575,0.031113753468093534,4.59611573523583,0.0008120000000000002,0.09836065573770492,61,6,47.0,MOFGalaxyNet
phase6,graph_social,topo=mgn_phi0.70_rho0.10,O2,0.02,9,mgn_phi0.70_rho0.10,0.7,10,{},graph_social__topo=mgn_phi0.70_rho0.10__O2__b0.02__P10__c0.70__s9,174,0.40378354443237185,3,2,2,83,55,8697,87,6,0.06896551724137931,0.016316554366494915,3.4470868014268725,0.013170999999999999,0.04918032786885246,61,3,79.0,MOFGalaxyNet+ρ=0.10
phase6,graph_social,topo=mgn_phi0.70_degrand,O2,0.02,9,mgn_phi0.70_degrand,0.7,10,{},graph_social__topo=mgn_phi0.70_degrand__O2__b0.02__P10__c0.70__s9,174,0.22318945359438658,4,4,2,124,32,8697,87,4,0.04597701149425287,0.02728233584357246,2.298057867617915,0.0,0.06557377049180328,61,4,16.0,degree-preserving random
phase6,graph_social,topo=ws_phi0.70,O2,0.02,9,ws_phi0.70,0.7,10,{},graph_social__topo=ws_phi0.70__O2__b0.02__P10__c0.70__s9,174,0.09541558334603906,5,5,0,133,11,8697,87,6,0.06896551724137931,0.020940679085744488,3.4470868014268725,0.0008120000000000002,0.08196721311475409,61,5,81.0,Watts–Strogatz
phase6,random,topo=mgn_phi0.70,O2,0.02,9,mgn_phi0.70,0.7,10,{},random__topo=mgn_phi0.70__O2__b0.02__P10__c0.70__s9,174,0.00020683091133832932,1,0,0,0,0,8697,87,1,0.011494252873563218,0.00620953890870657,0.5745144669044787,0.016391,0.01639344262295082,61,1,81.0,random search
