objective,budget_frac,method,runs,recall_auc,final_recall,family_coverage,simple_regret,enrichment,first_hit_eval_median
O1,0.005,de,30,0.003 ± 0.007,0.013 ± 0.022,0.013 ± 0.020,1.5399 ± 0.4992,2.50 ± 4.44,27.0
O1,0.005,ensemble_ts,30,0.010 ± 0.013,0.031 ± 0.036,0.035 ± 0.035,1.1825 ± 0.7221,6.21 ± 7.08,24.0
O1,0.005,ga,30,0.005 ± 0.009,0.014 ± 0.026,0.022 ± 0.037,1.4249 ± 0.4734,2.80 ± 5.05,23.0
O1,0.005,gp_ei,30,0.007 ± 0.013,0.014 ± 0.027,0.019 ± 0.031,1.3432 ± 0.5187,2.80 ± 5.29,13.0
O1,0.005,graph_social,30,0.002 ± 0.006,0.006 ± 0.012,0.009 ± 0.017,1.5903 ± 0.4815,1.14 ± 2.29,18.5
O1,0.005,greedy_walk,30,0.003 ± 0.007,0.006 ± 0.015,0.005 ± 0.012,2.0794 ± 0.6733,1.21 ± 2.91,15.5
O1,0.005,pso,30,0.012 ± 0.015,0.035 ± 0.036,0.039 ± 0.037,1.2061 ± 0.6405,6.97 ± 7.16,21.0
O1,0.005,random,30,0.003 ± 0.005,0.004 ± 0.006,0.009 ± 0.013,1.5425 ± 0.4647,0.83 ± 1.26,19.0
O1,0.005,social_ws,30,0.003 ± 0.005,0.007 ± 0.011,0.010 ± 0.015,1.7681 ± 0.6664,1.44 ± 2.27,28.0
O1,0.005,static_diverse,30,0.001 ± 0.005,0.001 ± 0.005,0.002 ± 0.009,1.5551 ± 0.1472,0.23 ± 0.91,1.0
O1,0.01,de,30,0.013 ± 0.016,0.044 ± 0.049,0.049 ± 0.052,1.0529 ± 0.4427,4.37 ± 4.93,41.5
O1,0.01,ensemble_ts,30,0.036 ± 0.034,0.099 ± 0.076,0.106 ± 0.077,0.6501 ± 0.5531,9.92 ± 7.58,31.0
O1,0.01,ga,30,0.017 ± 0.024,0.046 ± 0.055,0.052 ± 0.062,1.1247 ± 0.4814,4.60 ± 5.53,38.5
O1,0.01,gp_ei,30,0.014 ± 0.024,0.033 ± 0.055,0.036 ± 0.057,1.2126 ± 0.5689,3.26 ± 5.52,13.0
O1,0.01,graph_social,30,0.004 ± 0.007,0.012 ± 0.021,0.017 ± 0.028,1.4842 ± 0.5012,1.19 ± 2.10,24.0
O1,0.01,greedy_walk,30,0.006 ± 0.013,0.009 ± 0.021,0.005 ± 0.012,2.0208 ± 0.6713,0.88 ± 2.15,15.5
O1,0.01,pso,30,0.035 ± 0.029,0.082 ± 0.054,0.086 ± 0.064,0.8262 ± 0.3925,8.20 ± 5.37,37.0
O1,0.01,random,30,0.005 ± 0.005,0.009 ± 0.009,0.018 ± 0.017,1.2661 ± 0.5244,0.92 ± 0.87,28.5
O1,0.01,social_ws,30,0.004 ± 0.009,0.010 ± 0.017,0.011 ± 0.020,1.6637 ± 0.6223,1.00 ± 1.70,22.0
O1,0.01,static_diverse,30,0.002 ± 0.005,0.009 ± 0.009,0.018 ± 0.019,1.3708 ± 0.2331,0.88 ± 0.94,83.0
O1,0.02,de,30,0.044 ± 0.038,0.105 ± 0.075,0.113 ± 0.078,0.7403 ± 0.4851,5.27 ± 3.76,52.0
O1,0.02,ensemble_ts,30,0.107 ± 0.057,0.249 ± 0.101,0.257 ± 0.104,0.2015 ± 0.3190,12.47 ± 5.07,34.5
O1,0.02,ga,30,0.041 ± 0.043,0.088 ± 0.081,0.096 ± 0.088,0.8425 ± 0.5226,4.39 ± 4.07,47.5
O1,0.02,gp_ei,30,0.031 ± 0.045,0.066 ± 0.065,0.088 ± 0.076,0.7148 ± 0.3735,3.27 ± 3.25,135.0
O1,0.02,graph_social,30,0.010 ± 0.010,0.027 ± 0.023,0.033 ± 0.030,1.0710 ± 0.5302,1.36 ± 1.16,61.0
O1,0.02,greedy_walk,30,0.008 ± 0.020,0.013 ± 0.034,0.005 ± 0.012,1.9426 ± 0.6214,0.63 ± 1.72,15.5
O1,0.02,pso,30,0.082 ± 0.050,0.162 ± 0.097,0.174 ± 0.103,0.6166 ± 0.4501,8.08 ± 4.87,37.0
O1,0.02,random,30,0.010 ± 0.008,0.022 ± 0.017,0.042 ± 0.033,1.0102 ± 0.4224,1.09 ± 0.86,50.0
O1,0.02,social_ws,30,0.007 ± 0.011,0.016 ± 0.025,0.021 ± 0.033,1.4850 ± 0.7888,0.80 ± 1.26,29.0
O1,0.02,static_diverse,30,0.013 ± 0.005,0.032 ± 0.009,0.064 ± 0.018,1.1377 ± 0.2240,1.59 ± 0.44,85.0
O1,0.05,de,30,0.133 ± 0.078,0.260 ± 0.144,0.264 ± 0.152,0.3699 ± 0.4214,5.20 ± 2.88,52.0
O1,0.05,ensemble_ts,30,0.313 ± 0.066,0.596 ± 0.064,0.609 ± 0.052,0.0000 ± 0.0000,11.92 ± 1.29,34.5
O1,0.05,ga,30,0.100 ± 0.072,0.183 ± 0.114,0.184 ± 0.114,0.5132 ± 0.4264,3.65 ± 2.28,55.5
O1,0.05,gp_ei,30,0.073 ± 0.055,0.139 ± 0.054,0.180 ± 0.066,0.4333 ± 0.1950,2.79 ± 1.08,135.0
O1,0.05,graph_social,30,0.030 ± 0.024,0.075 ± 0.055,0.106 ± 0.084,0.7393 ± 0.5332,1.51 ± 1.09,100.0
O1,0.05,greedy_walk,30,0.013 ± 0.035,0.016 ± 0.047,0.005 ± 0.012,1.8464 ± 0.5436,0.32 ± 0.94,15.5
O1,0.05,pso,30,0.184 ± 0.070,0.322 ± 0.102,0.347 ± 0.115,0.3318 ± 0.3057,6.44 ± 2.05,37.0
O1,0.05,random,30,0.027 ± 0.015,0.052 ± 0.023,0.095 ± 0.037,0.6109 ± 0.4035,1.03 ± 0.47,63.5
O1,0.05,social_ws,30,0.015 ± 0.020,0.043 ± 0.060,0.053 ± 0.080,1.0948 ± 0.5689,0.85 ± 1.19,96.0
O1,0.05,static_diverse,30,0.037 ± 0.008,0.075 ± 0.013,0.134 ± 0.025,0.5611 ± 0.1464,1.49 ± 0.25,85.0
O2,0.005,de,30,0.004 ± 0.005,0.013 ± 0.013,0.015 ± 0.014,0.0937 ± 0.1215,2.57 ± 2.65,21.0
O2,0.005,ensemble_ts,30,0.006 ± 0.008,0.013 ± 0.017,0.015 ± 0.019,0.0906 ± 0.1048,2.65 ± 3.38,21.0
O2,0.005,ga,30,0.003 ± 0.005,0.010 ± 0.012,0.012 ± 0.015,0.1055 ± 0.0992,1.89 ± 2.39,28.0
O2,0.005,gp_ei,30,0.002 ± 0.003,0.008 ± 0.007,0.012 ± 0.010,0.1102 ± 0.1152,1.67 ± 1.45,36.0
O2,0.005,graph_social,30,0.004 ± 0.004,0.013 ± 0.010,0.017 ± 0.014,0.0603 ± 0.0807,2.57 ± 2.04,29.0
O2,0.005,greedy_walk,30,0.004 ± 0.006,0.010 ± 0.013,0.008 ± 0.009,0.1328 ± 0.1626,1.89 ± 2.61,27.0
O2,0.005,pso,30,0.006 ± 0.008,0.018 ± 0.019,0.019 ± 0.018,0.0735 ± 0.0829,3.64 ± 3.75,21.0
O2,0.005,random,30,0.002 ± 0.004,0.005 ± 0.007,0.007 ± 0.010,0.1992 ± 0.1512,0.98 ± 1.42,25.0
O2,0.005,social_ws,30,0.008 ± 0.008,0.026 ± 0.019,0.033 ± 0.024,0.0647 ± 0.1497,5.07 ± 3.81,22.5
O2,0.005,static_diverse,30,0.001 ± 0.003,0.002 ± 0.004,0.003 ± 0.006,0.3886 ± 0.2651,0.38 ± 0.86,39.0
O2,0.01,de,30,0.011 ± 0.009,0.030 ± 0.021,0.032 ± 0.021,0.0207 ± 0.0350,2.95 ± 2.06,35.0
O2,0.01,ensemble_ts,30,0.015 ± 0.014,0.039 ± 0.027,0.043 ± 0.032,0.0250 ± 0.0385,3.94 ± 2.69,35.5
O2,0.01,ga,30,0.010 ± 0.011,0.026 ± 0.023,0.030 ± 0.025,0.0483 ± 0.0563,2.60 ± 2.32,33.0
O2,0.01,gp_ei,30,0.006 ± 0.004,0.017 ± 0.008,0.024 ± 0.012,0.0584 ± 0.0837,1.72 ± 0.84,39.0
O2,0.01,graph_social,30,0.011 ± 0.010,0.031 ± 0.023,0.038 ± 0.024,0.0288 ± 0.0416,3.14 ± 2.30,35.0
O2,0.01,greedy_walk,30,0.009 ± 0.011,0.019 ± 0.020,0.012 ± 0.010,0.0589 ± 0.0629,1.88 ± 1.97,35.5
O2,0.01,pso,30,0.016 ± 0.016,0.034 ± 0.032,0.030 ± 0.026,0.0513 ± 0.0792,3.37 ± 3.21,26.5
O2,0.01,random,30,0.005 ± 0.006,0.010 ± 0.011,0.014 ± 0.015,0.1164 ± 0.1137,1.00 ± 1.12,32.0
O2,0.01,social_ws,30,0.016 ± 0.015,0.031 ± 0.025,0.034 ± 0.023,0.0860 ± 0.2871,3.10 ± 2.45,26.0
O2,0.01,static_diverse,30,0.004 ± 0.004,0.009 ± 0.007,0.013 ± 0.009,0.1492 ± 0.1233,0.88 ± 0.65,52.0
O2,0.02,de,30,0.032 ± 0.016,0.079 ± 0.032,0.075 ± 0.031,0.0080 ± 0.0245,3.96 ± 1.61,36.5
O2,0.02,ensemble_ts,30,0.040 ± 0.020,0.091 ± 0.038,0.089 ± 0.036,0.0059 ± 0.0168,4.54 ± 1.87,37.0
O2,0.02,ga,30,0.026 ± 0.019,0.054 ± 0.036,0.057 ± 0.032,0.0207 ± 0.0310,2.72 ± 1.78,48.5
O2,0.02,gp_ei,30,0.017 ± 0.005,0.032 ± 0.008,0.045 ± 0.011,0.0258 ± 0.0044,1.61 ± 0.41,39.5
O2,0.02,graph_social,30,0.026 ± 0.016,0.063 ± 0.032,0.065 ± 0.031,0.0022 ± 0.0053,3.16 ± 1.61,51.0
O2,0.02,greedy_walk,30,0.016 ± 0.015,0.025 ± 0.022,0.016 ± 0.015,0.0455 ± 0.0510,1.26 ± 1.12,37.0
O2,0.02,pso,30,0.032 ± 0.027,0.061 ± 0.047,0.052 ± 0.038,0.0169 ± 0.0303,3.06 ± 2.34,34.0
O2,0.02,random,30,0.010 ± 0.009,0.022 ± 0.017,0.031 ± 0.023,0.0398 ± 0.0515,1.11 ± 0.84,54.0
O2,0.02,social_ws,30,0.029 ± 0.018,0.061 ± 0.028,0.062 ± 0.029,0.0687 ± 0.2653,3.03 ± 1.41,26.0
O2,0.02,static_diverse,30,0.006 ± 0.005,0.009 ± 0.007,0.013 ± 0.010,0.0990 ± 0.0320,0.46 ± 0.35,52.0
O2,0.05,de,30,0.091 ± 0.025,0.175 ± 0.041,0.145 ± 0.030,0.0011 ± 0.0026,3.50 ± 0.82,39.5
O2,0.05,ensemble_ts,30,0.109 ± 0.035,0.215 ± 0.050,0.201 ± 0.046,0.0011 ± 0.0015,4.30 ± 1.01,40.0
O2,0.05,ga,30,0.073 ± 0.027,0.159 ± 0.048,0.143 ± 0.037,0.0027 ± 0.0055,3.17 ± 0.96,58.5
O2,0.05,gp_ei,30,0.032 ± 0.007,0.052 ± 0.012,0.071 ± 0.014,0.0000 ± 0.0000,1.04 ± 0.23,39.5
O2,0.05,graph_social,30,0.065 ± 0.027,0.150 ± 0.047,0.121 ± 0.038,0.0006 ± 0.0009,3.00 ± 0.93,35.5
O2,0.05,greedy_walk,30,0.030 ± 0.019,0.052 ± 0.023,0.031 ± 0.015,0.0179 ± 0.0288,1.03 ± 0.46,46.0
O2,0.05,pso,30,0.066 ± 0.043,0.115 ± 0.058,0.112 ± 0.049,0.0040 ± 0.0108,2.29 ± 1.16,35.5
O2,0.05,random,30,0.029 ± 0.016,0.059 ± 0.023,0.083 ± 0.032,0.0104 ± 0.0128,1.18 ± 0.46,70.5
O2,0.05,social_ws,30,0.066 ± 0.028,0.132 ± 0.056,0.116 ± 0.040,0.0205 ± 0.1032,2.64 ± 1.12,26.0
O2,0.05,static_diverse,30,0.009 ± 0.006,0.012 ± 0.008,0.017 ± 0.011,0.0872 ± 0.0066,0.24 ± 0.15,53.0
O3,0.005,de,30,0.001 ± 0.002,0.005 ± 0.006,0.008 ± 0.011,0.0000 ± 0.0000,0.91 ± 1.28,29.0
O3,0.005,ensemble_ts,30,0.002 ± 0.003,0.007 ± 0.009,0.010 ± 0.014,0.0000 ± 0.0000,1.29 ± 1.76,27.0
O3,0.005,ga,30,0.002 ± 0.003,0.005 ± 0.008,0.008 ± 0.014,0.0000 ± 0.0000,0.91 ± 1.64,20.0
O3,0.005,gp_ei,30,0.000 ± 0.001,0.001 ± 0.004,0.002 ± 0.006,0.0000 ± 0.0000,0.23 ± 0.69,32.0
O3,0.005,graph_social,30,0.001 ± 0.003,0.004 ± 0.006,0.007 ± 0.009,0.0000 ± 0.0000,0.83 ± 1.11,35.0
O3,0.005,greedy_walk,30,0.002 ± 0.003,0.005 ± 0.006,0.008 ± 0.011,0.0000 ± 0.0000,0.91 ± 1.28,28.0
O3,0.005,pso,30,0.001 ± 0.002,0.003 ± 0.005,0.005 ± 0.009,0.0000 ± 0.0000,0.61 ± 1.02,26.5
O3,0.005,random,30,0.002 ± 0.003,0.004 ± 0.007,0.007 ± 0.012,0.0000 ± 0.0000,0.83 ± 1.40,26.0
O3,0.005,social_ws,30,0.004 ± 0.004,0.008 ± 0.008,0.012 ± 0.013,0.0000 ± 0.0000,1.51 ± 1.62,19.0
O3,0.005,static_diverse,30,0.000 ± 0.001,0.000 ± 0.002,0.001 ± 0.004,0.0000 ± 0.0000,0.08 ± 0.41,17.0
O3,0.01,de,30,0.005 ± 0.006,0.011 ± 0.015,0.017 ± 0.021,0.0000 ± 0.0000,1.11 ± 1.49,30.0
O3,0.01,ensemble_ts,30,0.008 ± 0.007,0.020 ± 0.015,0.027 ± 0.021,0.0000 ± 0.0000,1.99 ± 1.54,44.0
O3,0.01,ga,30,0.005 ± 0.005,0.011 ± 0.012,0.019 ± 0.020,0.0000 ± 0.0000,1.11 ± 1.19,49.0
O3,0.01,gp_ei,30,0.001 ± 0.003,0.003 ± 0.007,0.004 ± 0.009,0.0000 ± 0.0000,0.27 ± 0.65,40.0
O3,0.01,graph_social,30,0.004 ± 0.006,0.009 ± 0.011,0.015 ± 0.018,0.0000 ± 0.0000,0.88 ± 1.07,36.0
O3,0.01,greedy_walk,30,0.004 ± 0.005,0.008 ± 0.010,0.011 ± 0.011,0.0000 ± 0.0000,0.84 ± 1.00,38.0
O3,0.01,pso,30,0.005 ± 0.006,0.011 ± 0.014,0.018 ± 0.022,0.0000 ± 0.0000,1.11 ± 1.43,43.0
O3,0.01,random,30,0.005 ± 0.006,0.011 ± 0.012,0.019 ± 0.020,0.0000 ± 0.0000,1.11 ± 1.19,42.0
O3,0.01,social_ws,30,0.006 ± 0.006,0.012 ± 0.012,0.018 ± 0.015,0.0000 ± 0.0000,1.23 ± 1.20,25.0
O3,0.01,static_diverse,30,0.002 ± 0.003,0.005 ± 0.008,0.008 ± 0.013,0.0000 ± 0.0000,0.46 ± 0.78,49.0
O3,0.02,de,30,0.013 ± 0.012,0.032 ± 0.027,0.038 ± 0.026,0.0000 ± 0.0000,1.59 ± 1.33,65.5
O3,0.02,ensemble_ts,30,0.021 ± 0.011,0.048 ± 0.021,0.060 ± 0.025,0.0000 ± 0.0000,2.39 ± 1.04,49.0
O3,0.02,ga,30,0.011 ± 0.009,0.027 ± 0.019,0.037 ± 0.023,0.0000 ± 0.0000,1.36 ± 0.94,60.0
O3,0.02,gp_ei,30,0.003 ± 0.005,0.008 ± 0.008,0.012 ± 0.013,0.0000 ± 0.0000,0.38 ± 0.41,132.5
O3,0.02,graph_social,30,0.009 ± 0.006,0.018 ± 0.010,0.028 ± 0.015,0.0000 ± 0.0000,0.92 ± 0.49,53.0
O3,0.02,greedy_walk,30,0.008 ± 0.007,0.018 ± 0.014,0.019 ± 0.012,0.0000 ± 0.0000,0.92 ± 0.72,55.0
O3,0.02,pso,30,0.011 ± 0.011,0.023 ± 0.020,0.035 ± 0.029,0.0000 ± 0.0000,1.17 ± 0.99,56.0
O3,0.02,random,30,0.010 ± 0.009,0.018 ± 0.014,0.029 ± 0.023,0.0000 ± 0.0000,0.90 ± 0.70,55.0
O3,0.02,social_ws,30,0.011 ± 0.008,0.024 ± 0.017,0.035 ± 0.023,0.0000 ± 0.0000,1.19 ± 0.84,28.0
O3,0.02,static_diverse,30,0.006 ± 0.006,0.016 ± 0.010,0.026 ± 0.017,0.0000 ± 0.0000,0.79 ± 0.51,123.0
O3,0.05,de,30,0.042 ± 0.021,0.085 ± 0.034,0.108 ± 0.039,0.0000 ± 0.0000,1.69 ± 0.68,85.5
O3,0.05,ensemble_ts,30,0.059 ± 0.018,0.117 ± 0.027,0.128 ± 0.035,0.0000 ± 0.0000,2.34 ± 0.54,49.0
O3,0.05,ga,30,0.039 ± 0.014,0.081 ± 0.025,0.101 ± 0.026,0.0000 ± 0.0000,1.62 ± 0.51,66.0
O3,0.05,gp_ei,30,0.016 ± 0.004,0.052 ± 0.013,0.087 ± 0.024,0.0000 ± 0.0000,1.05 ± 0.27,143.5
O3,0.05,graph_social,30,0.028 ± 0.015,0.060 ± 0.025,0.082 ± 0.033,0.0000 ± 0.0000,1.19 ± 0.50,53.5
O3,0.05,greedy_walk,30,0.022 ± 0.013,0.041 ± 0.023,0.033 ± 0.016,0.0000 ± 0.0000,0.83 ± 0.46,76.5
O3,0.05,pso,30,0.028 ± 0.020,0.057 ± 0.035,0.082 ± 0.044,0.0000 ± 0.0000,1.13 ± 0.69,69.5
O3,0.05,random,30,0.024 ± 0.012,0.047 ± 0.019,0.076 ± 0.030,0.0000 ± 0.0000,0.94 ± 0.38,72.5
O3,0.05,social_ws,30,0.025 ± 0.013,0.051 ± 0.028,0.069 ± 0.035,0.0000 ± 0.0000,1.02 ± 0.56,47.5
O3,0.05,static_diverse,30,0.017 ± 0.009,0.029 ± 0.015,0.049 ± 0.025,0.0000 ± 0.0000,0.58 ± 0.30,128.0
O4,0.005,de,30,0.004 ± 0.009,0.010 ± 0.023,0.013 ± 0.025,1.7291 ± 0.6739,1.41 ± 3.03,15.5
O4,0.005,ensemble_ts,30,0.016 ± 0.025,0.035 ± 0.055,0.031 ± 0.044,1.4347 ± 0.6258,4.71 ± 7.38,17.0
O4,0.005,ga,30,0.007 ± 0.012,0.017 ± 0.028,0.023 ± 0.035,1.4006 ± 0.7323,2.32 ± 3.80,21.0
O4,0.005,gp_ei,30,0.002 ± 0.005,0.002 ± 0.006,0.003 ± 0.010,1.5779 ± 0.4232,0.25 ± 0.76,8.0
O4,0.005,graph_social,30,0.003 ± 0.007,0.006 ± 0.011,0.009 ± 0.015,1.5087 ± 0.4276,0.83 ± 1.50,13.5
O4,0.005,greedy_walk,30,0.007 ± 0.016,0.013 ± 0.028,0.008 ± 0.014,2.0771 ± 0.8467,1.74 ± 3.69,11.0
O4,0.005,pso,30,0.012 ± 0.019,0.030 ± 0.040,0.034 ± 0.045,1.4251 ± 0.7529,4.05 ± 5.39,15.0
O4,0.005,random,30,0.004 ± 0.009,0.008 ± 0.014,0.014 ± 0.025,1.5584 ± 0.5009,1.08 ± 1.92,12.0
O4,0.005,social_ws,30,0.002 ± 0.005,0.002 ± 0.006,0.003 ± 0.010,1.8147 ± 0.6635,0.25 ± 0.76,8.0
O4,0.005,static_diverse,30,0.002 ± 0.005,0.002 ± 0.006,0.003 ± 0.010,1.7918 ± 0.3953,0.25 ± 0.76,8.0
O4,0.01,de,30,0.007 ± 0.013,0.025 ± 0.036,0.024 ± 0.033,1.4417 ± 0.5078,2.51 ± 3.56,32.5
O4,0.01,ensemble_ts,30,0.023 ± 0.033,0.052 ± 0.065,0.052 ± 0.058,1.2340 ± 0.4873,5.21 ± 6.42,18.0
O4,0.01,ga,30,0.011 ± 0.017,0.027 ± 0.037,0.032 ± 0.043,1.2778 ± 0.6228,2.63 ± 3.70,22.5
O4,0.01,gp_ei,30,0.002 ± 0.005,0.002 ± 0.006,0.003 ± 0.010,1.5215 ± 0.3946,0.18 ± 0.56,8.0
O4,0.01,graph_social,30,0.005 ± 0.009,0.011 ± 0.018,0.016 ± 0.022,1.4053 ± 0.4480,1.10 ± 1.78,23.5
O4,0.01,greedy_walk,30,0.009 ± 0.020,0.016 ± 0.034,0.008 ± 0.014,2.0742 ± 0.8496,1.59 ± 3.33,11.0
O4,0.01,pso,30,0.022 ± 0.026,0.064 ± 0.056,0.063 ± 0.055,1.0893 ± 0.4652,6.37 ± 5.54,28.0
O4,0.01,random,30,0.006 ± 0.010,0.011 ± 0.015,0.019 ± 0.026,1.4122 ± 0.4293,1.10 ± 1.50,25.0
O4,0.01,social_ws,30,0.002 ± 0.005,0.004 ± 0.014,0.004 ± 0.014,1.6916 ± 0.6115,0.43 ± 1.42,8.0
O4,0.01,static_diverse,30,0.002 ± 0.005,0.002 ± 0.006,0.003 ± 0.010,1.6594 ± 0.3129,0.18 ± 0.56,8.0
O4,0.02,de,30,0.028 ± 0.031,0.081 ± 0.065,0.076 ± 0.055,0.9516 ± 0.4102,4.04 ± 3.22,48.0
O4,0.02,ensemble_ts,30,0.073 ± 0.056,0.190 ± 0.106,0.175 ± 0.106,0.7101 ± 0.3973,9.40 ± 5.27,33.0
O4,0.02,ga,30,0.031 ± 0.030,0.070 ± 0.060,0.081 ± 0.065,0.7917 ± 0.5816,3.49 ± 2.99,51.0
O4,0.02,gp_ei,30,0.013 ± 0.008,0.041 ± 0.020,0.039 ± 0.020,0.9634 ± 0.1721,2.05 ± 0.99,71.0
O4,0.02,graph_social,30,0.007 ± 0.011,0.025 ± 0.036,0.031 ± 0.039,1.1193 ± 0.5966,1.23 ± 1.78,56.5
O4,0.02,greedy_walk,30,0.017 ± 0.035,0.028 ± 0.064,0.008 ± 0.014,2.0176 ± 0.7973,1.41 ± 3.16,11.0
O4,0.02,pso,30,0.065 ± 0.043,0.146 ± 0.075,0.148 ± 0.086,0.6898 ± 0.4047,7.23 ± 3.74,40.5
O4,0.02,random,30,0.012 ± 0.013,0.025 ± 0.021,0.044 ± 0.036,1.0920 ± 0.3090,1.26 ± 1.04,49.0
O4,0.02,social_ws,30,0.006 ± 0.011,0.023 ± 0.038,0.026 ± 0.037,1.3100 ± 0.9317,1.13 ± 1.86,67.0
O4,0.02,static_diverse,30,0.002 ± 0.005,0.005 ± 0.008,0.009 ± 0.015,1.3317 ± 0.2639,0.25 ± 0.41,77.0
O4,0.05,de,30,0.105 ± 0.066,0.229 ± 0.124,0.211 ± 0.103,0.5099 ± 0.4683,4.58 ± 2.47,58.0
O4,0.05,ensemble_ts,30,0.248 ± 0.083,0.523 ± 0.108,0.489 ± 0.102,0.2691 ± 0.3400,10.47 ± 2.17,37.0
O4,0.05,ga,30,0.083 ± 0.054,0.170 ± 0.089,0.181 ± 0.090,0.5530 ± 0.5045,3.41 ± 1.78,58.5
O4,0.05,gp_ei,30,0.044 ± 0.023,0.072 ± 0.056,0.062 ± 0.047,0.8723 ± 0.1108,1.43 ± 1.12,71.0
O4,0.05,graph_social,30,0.029 ± 0.024,0.085 ± 0.062,0.097 ± 0.058,0.7472 ± 0.5265,1.69 ± 1.23,79.0
O4,0.05,greedy_walk,30,0.030 ± 0.058,0.044 ± 0.086,0.014 ± 0.023,1.8518 ± 0.8196,0.89 ± 1.71,16.5
O4,0.05,pso,30,0.176 ± 0.063,0.344 ± 0.099,0.324 ± 0.088,0.3981 ± 0.3652,6.88 ± 1.98,40.5
O4,0.05,random,30,0.031 ± 0.019,0.060 ± 0.030,0.100 ± 0.049,0.9411 ± 0.1825,1.21 ± 0.60,80.5
O4,0.05,social_ws,30,0.019 ± 0.026,0.046 ± 0.053,0.054 ± 0.065,1.1762 ± 0.7645,0.93 ± 1.06,70.5
O4,0.05,static_diverse,30,0.015 ± 0.006,0.042 ± 0.017,0.073 ± 0.029,0.8119 ± 0.1438,0.84 ± 0.34,143.0
