objective,budget_frac,graph_social,random,greedy_walk,gp_ei,ensemble_ts,de,pso,ga,social_ws,static_diverse,cmaes
O1,0.005,0.00574712643678161,0.004214559386973181,0.006130268199233717,0.011877394636015327,0.031417624521072794,0.01264367816091954,0.03524904214559387,0.014176245210727969,0.0072796934865900385,0.0011494252873563218,0.013026819923371647
O1,0.01,0.011877394636015327,0.009195402298850575,0.008812260536398468,0.05095785440613027,0.09923371647509578,0.04367816091954023,0.08199233716475095,0.04597701149425288,0.009961685823754788,0.008812260536398468,0.04176245210727969
O1,0.02,0.027203065134099615,0.021839080459770115,0.012643678160919542,0.14559386973180077,0.24942528735632183,0.1053639846743295,0.16168582375478927,0.08773946360153256,0.016091954022988506,0.0318007662835249,0.08275862068965517
O1,0.05,0.07547892720306514,0.05172413793103448,0.016091954022988506,0.4651340996168582,0.5961685823754789,0.26015325670498085,0.3222222222222222,0.18275862068965518,0.042528735632183914,0.07471264367816091,0.1743295019157088
O2,0.005,0.013026819923371647,0.004980842911877394,0.009578544061302681,0.0034482758620689655,0.013409961685823755,0.013026819923371647,0.01839080459770115,0.009578544061302681,0.025670498084291185,0.0019157088122605363,0.0053639846743295016
O2,0.01,0.031417624521072794,0.009961685823754788,0.018773946360153258,0.013026819923371647,0.03946360153256705,0.029501915708812262,0.033716475095785445,0.026053639846743294,0.03103448275862069,0.008812260536398468,0.010344827586206896
O2,0.02,0.06321839080459771,0.02222222222222222,0.02528735632183908,0.03946360153256705,0.09080459770114942,0.07931034482758621,0.06130268199233716,0.05440613026819923,0.06053639846743295,0.009195402298850575,0.03946360153256705
O2,0.05,0.15019157088122606,0.059003831417624525,0.05172413793103448,0.1632183908045977,0.2149425287356322,0.17509578544061305,0.11455938697318008,0.15862068965517243,0.13218390804597702,0.011877394636015327,0.14482758620689656
O3,0.005,0.004980842911877394,0.004214559386973181,0.004597701149425287,0.0053639846743295016,0.008812260536398468,0.006130268199233717,0.004597701149425287,0.004597701149425287,0.00574712643678161,0.0003831417624521073,0.004597701149425287
O3,0.01,0.012260536398467433,0.01111111111111111,0.01149425287356322,0.013793103448275862,0.02490421455938697,0.013409961685823755,0.016858237547892722,0.013409961685823755,0.006896551724137931,0.004597701149425287,0.010344827586206896
O3,0.02,0.025670498084291185,0.01800766283524904,0.026053639846743294,0.0367816091954023,0.059003831417624525,0.029501915708812262,0.03065134099616858,0.03103448275862069,0.018773946360153258,0.015708812260536397,0.029885057471264367
O3,0.05,0.05134099616858237,0.047126436781609195,0.05440613026819923,0.11762452107279693,0.14252873563218393,0.08122605363984675,0.06704980842911877,0.06321839080459771,0.041379310344827586,0.029118773946360154,0.07126436781609195
O4,0.005,0.006172839506172839,0.00802469135802469,0.01296296296296296,0.014814814814814814,0.03518518518518519,0.010493827160493826,0.03024691358024691,0.01728395061728395,0.0018518518518518517,0.0018518518518518517,0.024074074074074074
O4,0.01,0.01111111111111111,0.01111111111111111,0.01604938271604938,0.03024691358024691,0.05246913580246913,0.02530864197530864,0.06419753086419752,0.026543209876543208,0.004320987654320987,0.0018518518518518517,0.0419753086419753
O4,0.02,0.024691358024691357,0.02530864197530864,0.028395061728395062,0.08950617283950617,0.18950617283950616,0.08148148148148147,0.145679012345679,0.07037037037037037,0.022839506172839506,0.0049382716049382715,0.10493827160493827
O4,0.05,0.0845679012345679,0.06049382716049382,0.04444444444444444,0.3530864197530864,0.5234567901234568,0.22901234567901235,0.34382716049382717,0.17037037037037037,0.046296296296296294,0.0419753086419753,0.22592592592592592
