objective,ablation,runs,final_recall,recall_auc,family_coverage,p_vs_default,cliffs_delta_vs_default
O2,default,30,0.063 ± 0.032,0.026 ± 0.016,0.065 ± 0.031,,
O2,topology (b) +ρ=0.10,30,0.063 ± 0.032,0.026 ± 0.016,0.065 ± 0.031,1.0,0.0
O2,uniform neighbor weights,30,0.052 ± 0.032,0.022 ± 0.016,0.056 ± 0.032,0.1009562936238665,-0.20555555555555555
O2,no neighbor term (α=β=0),30,0.057 ± 0.025,0.018 ± 0.011,0.065 ± 0.027,0.4193489060003093,-0.12444444444444444
O2,centrality = degree,30,0.058 ± 0.032,0.023 ± 0.015,0.063 ± 0.030,0.4713856367999961,-0.09333333333333334
O2,centrality = PageRank,30,0.070 ± 0.038,0.027 ± 0.017,0.072 ± 0.036,0.22629123890328806,0.08777777777777777
O2,mutation off,30,0.057 ± 0.032,0.026 ± 0.018,0.058 ± 0.029,0.15246435736117436,-0.09555555555555556
O2,uniform mutation,30,0.057 ± 0.028,0.024 ± 0.013,0.065 ± 0.030,0.2710938543835183,-0.12666666666666668
O2,sync off,30,0.062 ± 0.031,0.026 ± 0.014,0.064 ± 0.028,0.8292832021919933,-0.025555555555555557
O2,elite off,30,0.058 ± 0.029,0.025 ± 0.015,0.067 ± 0.029,0.33425387210185387,-0.11555555555555555
O2,P = 5,30,0.061 ± 0.033,0.023 ± 0.013,0.060 ± 0.030,0.8065713685609075,-0.07777777777777778
O2,P = 20,30,0.072 ± 0.033,0.031 ± 0.015,0.075 ± 0.030,0.25680657030416876,0.15888888888888889
O2,h = 1,30,0.053 ± 0.023,0.019 ± 0.011,0.061 ± 0.027,0.14030749980672294,-0.19555555555555557
O2,topology (a) MOFGalaxyNet,30,0.060 ± 0.027,0.019 ± 0.010,0.062 ± 0.025,0.6804278470733423,-0.056666666666666664
O2,φ = 0.7,30,0.060 ± 0.027,0.019 ± 0.010,0.062 ± 0.025,0.6804278470733423,-0.056666666666666664
O2,topology (b) +ρ=0.05,30,0.059 ± 0.025,0.023 ± 0.014,0.064 ± 0.025,0.6178107676775833,-0.07888888888888888
O2,topology (b) +ρ=0.20,30,0.059 ± 0.030,0.026 ± 0.017,0.063 ± 0.030,0.2826391751430911,-0.07777777777777778
O2,topology (c) degree-preserving random,30,0.054 ± 0.030,0.022 ± 0.014,0.058 ± 0.029,0.19116048149589016,-0.17555555555555555
O2,topology (d) Watts–Strogatz,30,0.056 ± 0.021,0.031 ± 0.015,0.060 ± 0.021,0.26716748420090275,-0.13444444444444445
O2,φ = 0.8,30,0.049 ± 0.024,0.018 ± 0.011,0.060 ± 0.028,0.0691452866078864,-0.2633333333333333
O2,φ = 0.9,30,0.051 ± 0.026,0.018 ± 0.011,0.061 ± 0.030,0.11198723976755501,-0.2411111111111111
O2,"decoupled embedding, topology (a) MOFGalaxyNet",30,0.017 ± 0.017,0.008 ± 0.009,0.022 ± 0.022,1.312769066337326e-05,-0.7866666666666666
O2,"decoupled embedding, topology (c) degree-preserving random",30,0.019 ± 0.016,0.009 ± 0.009,0.025 ± 0.019,5.548508585264237e-05,-0.7577777777777778
O3,default,30,0.026 ± 0.015,0.012 ± 0.007,0.038 ± 0.021,,
O3,topology (b) +ρ=0.10,30,0.026 ± 0.015,0.012 ± 0.007,0.038 ± 0.021,1.0,0.0
O3,uniform neighbor weights,30,0.019 ± 0.012,0.010 ± 0.007,0.028 ± 0.019,0.022367034288002595,-0.26
O3,no neighbor term (α=β=0),30,0.021 ± 0.015,0.009 ± 0.006,0.031 ± 0.022,0.38433825815970957,-0.14333333333333334
O3,centrality = degree,30,0.023 ± 0.012,0.012 ± 0.006,0.035 ± 0.020,0.1491813479149696,-0.08333333333333333
O3,centrality = PageRank,30,0.026 ± 0.014,0.012 ± 0.007,0.038 ± 0.022,0.8709208743535651,0.044444444444444446
O3,mutation off,30,0.020 ± 0.013,0.009 ± 0.006,0.028 ± 0.019,0.1401073864213107,-0.20666666666666667
O3,uniform mutation,30,0.021 ± 0.010,0.011 ± 0.006,0.031 ± 0.016,0.1714833193930262,-0.1711111111111111
O3,sync off,30,0.021 ± 0.012,0.011 ± 0.006,0.032 ± 0.018,0.17298970944016634,-0.14777777777777779
O3,elite off,30,0.023 ± 0.013,0.011 ± 0.008,0.035 ± 0.019,0.6370919084453871,-0.08888888888888889
O3,P = 5,30,0.021 ± 0.015,0.010 ± 0.008,0.030 ± 0.017,0.23996654569423637,-0.22111111111111112
O3,P = 20,30,0.017 ± 0.013,0.011 ± 0.009,0.028 ± 0.019,0.025164702826916317,-0.3522222222222222
O3,h = 1,30,0.020 ± 0.016,0.009 ± 0.008,0.032 ± 0.024,0.15206407190423293,-0.18555555555555556
O3,topology (a) MOFGalaxyNet,30,0.019 ± 0.014,0.009 ± 0.007,0.029 ± 0.021,0.06610771897635923,-0.26
O3,φ = 0.7,30,0.019 ± 0.014,0.009 ± 0.007,0.029 ± 0.021,0.06610771897635923,-0.26
O3,topology (b) +ρ=0.05,30,0.022 ± 0.013,0.011 ± 0.008,0.033 ± 0.019,0.3252828350344915,-0.15
O3,topology (b) +ρ=0.20,30,0.019 ± 0.014,0.011 ± 0.009,0.029 ± 0.022,0.05410515167753687,-0.2788888888888889
O3,topology (c) degree-preserving random,30,0.019 ± 0.013,0.009 ± 0.008,0.028 ± 0.020,0.026768814262904454,-0.2511111111111111
O3,topology (d) Watts–Strogatz,30,0.025 ± 0.011,0.012 ± 0.007,0.039 ± 0.016,1.0,-0.0022222222222222222
O3,φ = 0.8,30,0.018 ± 0.013,0.009 ± 0.007,0.027 ± 0.019,0.04739916632833485,-0.3
O3,φ = 0.9,30,0.020 ± 0.013,0.009 ± 0.007,0.029 ± 0.019,0.15729920705028505,-0.21777777777777776
O3,"decoupled embedding, topology (a) MOFGalaxyNet",30,0.015 ± 0.016,0.008 ± 0.009,0.024 ± 0.026,0.002384552137629609,-0.5266666666666666
O3,"decoupled embedding, topology (c) degree-preserving random",30,0.010 ± 0.010,0.005 ± 0.006,0.016 ± 0.016,7.763407112372692e-06,-0.6588888888888889
