method,mean,std,median,max
random,0.00025735563976923,0.00023786879216832835,0.00019820069428533316,0.003460162435658276
greedy_walk,0.005678116049239179,0.007789962656547302,0.002714516769628972,0.06311586999800056
de,0.03170668973956102,0.034617973668431536,0.018704457790590823,0.22285653464496136
social_ws,0.03268967014446389,0.0332541902899895,0.018780440790578723,0.18045645160600543
ga,0.03078003007224955,0.03377492643367482,0.019316814956255257,0.2453252860577777
pso,0.04998849068069831,0.0722937323875878,0.021863374626263976,0.5486756161553785
static_diverse,0.057010796597023725,0.052311562596665466,0.03760741284349933,0.27863736159633845
cmaes,0.07066725028926157,0.06048900321116476,0.047727689088787884,0.2969695079373196
graph_social,0.2909870535649437,0.34224611384669645,0.13537743117194623,1.5921850132290274
gp_ei,224.8042038995969,412.9702977867419,8.243905495095532,1407.7132681654766
ensemble_ts,32.6275936129161,45.01790956530359,8.80261779204011,159.97999287582934
