recipe,corr_vs_released,mae_vs_released,phi_for_published_edges
rdkit-2048 | w_linker=0.9 | metal=original,0.9764725768878306,0.0008479034566518727,0.6790578628538688
rdkit-2048 | w_linker=0.9 | metal=mordred,0.9746208052945177,0.006822273010546832,0.6761958781481532
rdkit-2048 | w_linker=0.9 | metal=mendeleev,0.9747737217358534,0.007065407529315422,0.6757361672364247
morgan-r2-2048 | w_linker=0.9 | metal=mendeleev,0.8470085189637196,0.061079151684176373,0.7000000178813934
morgan-r2-2048 | w_linker=0.9 | metal=mordred,0.8468299349327791,0.06136853574580398,0.7000000178813934
morgan-r2-2048 | w_linker=0.9 | metal=original,0.8493766260560375,0.06190159644930163,0.7000000178813934
rdkit-2048 | w_linker=0.7 | metal=mendeleev,0.9173208776922858,0.13292276613835746,0.7167717841119998
rdkit-2048 | w_linker=0.7 | metal=mordred,0.9238698706574452,0.13526100497218774,0.7181650190999783
rdkit-2048 | w_linker=0.7 | metal=original,0.9231352384505124,0.1446651945846873,0.7261266134830833
morgan-r2-2048 | w_linker=0.7 | metal=mendeleev,0.803829413385339,0.1647614454188639,0.7491193075603482
morgan-r2-2048 | w_linker=0.7 | metal=mordred,0.8084475009111765,0.16689809132928263,0.7505897089973177
morgan-r2-2048 | w_linker=0.7 | metal=original,0.8118440625299036,0.17600077691773935,0.7580394242185151
