objective,budget_frac,budget,N,hits_K,seeds,expected_recall_B_over_N,observed_recall_mean,observed_recall_std,expected_total_hits,observed_total_hits,exact_p_two_sided
O1,0.005,44,8697,87,30,0.00505921582154766,0.004214559386973181,0.006391418583534891,13.204553294239393,11,0.6763920807887687
O1,0.01,87,8697,87,30,0.010003449465332874,0.009195402298850575,0.008748556265602152,26.1090031045188,24,0.7667363178647368
O1,0.02,174,8697,87,30,0.020006898930665748,0.021839080459770115,0.017168560719459873,52.2180062090376,57,0.4821797507038564
O1,0.05,435,8697,87,30,0.05001724732666437,0.05172413793103448,0.023332737819172656,130.54501552259399,135,0.6845357506830091
O2,0.005,44,8697,87,30,0.00505921582154766,0.004980842911877395,0.0071961185698769265,13.204553294239393,13,1.0
O2,0.01,87,8697,87,30,0.010003449465332874,0.00996168582375479,0.011186255301646627,26.1090031045188,26,0.9999999999999785
O2,0.02,174,8697,87,30,0.020006898930665748,0.022222222222222216,0.016788430881384403,52.2180062090376,58,0.3991053398219547
O2,0.05,435,8697,87,30,0.05001724732666437,0.05900383141762452,0.023133378887228762,130.54501552259399,154,0.037774893804278856
O3,0.005,44,8697,87,30,0.00505921582154766,0.004214559386973181,0.00706836666503883,13.204553294239393,11,0.6763920807887687
O3,0.01,87,8697,87,30,0.010003449465332874,0.011111111111111108,0.011877607727408833,26.1090031045188,29,0.5521768879108773
O3,0.02,174,8697,87,30,0.020006898930665748,0.01800766283524904,0.01405593594519267,52.2180062090376,47,0.5267784492780752
O3,0.05,435,8697,87,30,0.05001724732666437,0.04712643678160919,0.0189351659033693,130.54501552259399,123,0.5275436181857335
O4,0.005,40,5359,54,30,0.007464079119238664,0.00802469135802469,0.014330636346808647,12.091808173166635,13,0.77041499067497
O4,0.01,54,5359,54,30,0.010076506810972196,0.011111111111111108,0.015068077858240228,16.323941033774958,18,0.6169290935521257
O4,0.02,108,5359,54,30,0.020153013621944393,0.025308641975308636,0.02090799496991332,32.647882067549915,41,0.15384580918248303
O4,0.05,268,5359,54,30,0.050009330098899046,0.060493827160493834,0.029952476957093584,81.01511476021646,98,0.05836814622537181
