phi,graph,nodes,edges,mean_degree,max_degree,isolated,components,giant_size,giant_frac,clustering_avg_local,transitivity_global,avg_shortest_path_giant,communities,modularity
0.7,mgn_phi0.70,8697,205328,47.21812119121536,539,1075,1715,3659,0.4207197884327929,0.6506236942166398,0.6693990848838136,6.685322304955642,1747.0,0.749882826296873
0.7,mgn_phi0.70_rho0.05,8697,215594,49.57893526503392,545,104,107,8589,0.9875819248016556,0.4717263812445834,0.6549703578553531,4.057374026623779,,
0.7,mgn_phi0.70_rho0.10,8697,225861,51.939979303208005,549,9,11,8686,0.9987351960446132,0.3881302717739922,0.6404100243712962,3.565916049370933,,
0.7,mgn_phi0.70_rho0.20,8697,246394,56.66183741520064,551,0,1,8697,1.0,0.3028759150250654,0.6115217268495753,3.157713341920503,,
0.7,mgn_phi0.70_degrand,8697,205328,47.21812119121536,539,1075,1076,7622,0.8763941589053696,0.0913775654389985,0.0951728594758028,2.7641139291433636,,
0.7,ws_phi0.70,8697,208728,48.0,68,0,1,8697,1.0,0.0901353623497516,0.0886725539508064,2.802090919697695,,
0.7,rdkit_phi0.70,8697,150663,34.64711969644705,230,1047,1890,1730,0.198919167529033,0.7260123746263679,0.9523277489243468,8.663139841600444,,
0.8,mgn_phi0.80,8697,114983,26.441991491318845,272,1750,2817,779,0.089571116476946,0.6288500865298052,0.9497216403952176,4.617550679633437,2823.0,0.8940736740021197
0.8,mgn_phi0.80_rho0.05,8697,120732,27.76405657123146,274,473,538,8083,0.9294009428538575,0.4914683088010781,0.9295467646118228,5.340052076019146,,
0.8,mgn_phi0.80_rho0.10,8697,126481,29.086121651144072,277,121,126,8568,0.9851672990686444,0.4132374340204944,0.908515169360029,4.496783850305229,,
0.8,mgn_phi0.80_rho0.20,8697,137980,31.730481775324822,280,8,9,8689,0.9990801425779005,0.3255806425653768,0.8679941764586339,3.825860373194702,,
0.8,mgn_phi0.80_degrand,8697,114983,26.441991491318845,272,1750,1754,6941,0.7980912958491434,0.0438003516229516,0.0618283424561551,3.012459357939521,,
0.8,ws_phi0.80,8697,113061,26.0,41,0,1,8697,1.0,0.0875067651935229,0.0848494731473417,3.18335420889247,,
0.8,rdkit_phi0.80,8697,122284,28.120961251006097,222,1413,2487,224,0.025756007818788,0.7048903042484987,0.9882399658112676,1.0427610506085845,,
0.9,mgn_phi0.90,8697,87188,20.050132229504428,214,2113,3323,215,0.024721168218926,0.574822750484052,0.9426254859936674,1.1877852640730275,3323.0,0.9038366579524952
0.9,mgn_phi0.90_rho0.05,8697,91547,21.05254685523744,218,781,933,7529,0.8657008163734621,0.4614144767441873,0.9250337998658816,6.211412541714369,,
0.9,mgn_phi0.90_rho0.10,8697,95907,22.055191445325978,217,283,309,8361,0.961365988271818,0.39101737252274,0.9068313069594792,5.1531247836131415,,
0.9,mgn_phi0.90_rho0.20,8697,104626,24.06025066114752,221,36,38,8659,0.9956306772450272,0.3089632317873532,0.8705096998873736,4.276570075276624,,
0.9,mgn_phi0.90_degrand,8697,87188,20.050132229504428,214,2113,2117,6578,0.7563527653213752,0.0387443637868092,0.0604350432247707,3.115544080038266,,
0.9,ws_phi0.90,8697,86970,20.0,33,0,1,8697,1.0,0.0866637732576171,0.0830370014416146,3.4789628893170135,,
0.9,rdkit_phi0.90,8697,113362,26.069219271012994,216,1746,2921,217,0.0249511325744509,0.671760050142371,0.9994734992976008,1.0,,
