objective,budget_frac,metric,baseline,mean_graph_social,mean_baseline,p_wilcoxon,p_holm,cliffs_delta,significant_holm_0.05
O1,0.005,final_recall,random,0.005747126436781608,0.004214559386973181,0.6058216905523355,1.0,-0.028888888888888888,False
O1,0.005,final_recall,greedy_walk,0.005747126436781608,0.006130268199233717,0.7101974349651314,1.0,0.051111111111111114,False
O1,0.005,final_recall,gp_ei,0.005747126436781608,0.014176245210727967,0.17076610503220058,0.6830644201288023,-0.15222222222222223,False
O1,0.005,final_recall,ensemble_ts,0.005747126436781608,0.031417624521072794,0.0005752176782889488,0.0046017414263115905,-0.46,True
O1,0.005,final_recall,de,0.005747126436781608,0.01264367816091954,0.02778578270530869,0.16671469623185214,-0.12333333333333334,False
O1,0.005,final_recall,pso,0.005747126436781608,0.03524904214559388,0.0002092500364143887,0.0018832503277294982,-0.5522222222222222,True
O1,0.005,final_recall,ga,0.005747126436781608,0.014176245210727969,0.11140249942416185,0.5570124971208092,-0.13111111111111112,False
O1,0.005,final_recall,social_ws,0.005747126436781608,0.0072796934865900385,0.5739432945009848,1.0,-0.09444444444444444,False
O1,0.005,final_recall,static_diverse,0.005747126436781608,0.0011494252873563218,0.015764115299612396,0.11034880709728677,0.20222222222222222,False
O1,0.005,recall_auc,random,0.002455590386624869,0.0027603622431208634,0.451147469241197,1.0,-0.06888888888888889,False
O1,0.005,recall_auc,greedy_walk,0.002455590386624869,0.0029606408916753747,0.7221076526150257,1.0,0.04666666666666667,False
O1,0.005,recall_auc,gp_ei,0.002455590386624869,0.006818181818181818,0.08827409627537743,0.5296445776522646,-0.16444444444444445,False
O1,0.005,recall_auc,ensemble_ts,0.002455590386624869,0.00987460815047022,0.0015566927571102679,0.012453542056882143,-0.42,True
O1,0.005,recall_auc,de,0.002455590386624869,0.0033960292580982234,0.23931654122149526,0.957266164885981,-0.1,False
O1,0.005,recall_auc,pso,0.002455590386624869,0.012042842215256007,0.0004188680369191762,0.0037698123322725857,-0.4888888888888889,True
O1,0.005,recall_auc,ga,0.002455590386624869,0.004554162312783003,0.18188306036995905,0.9094153018497952,-0.11333333333333333,False
O1,0.005,recall_auc,social_ws,0.002455590386624869,0.002560083594566353,0.9499321762217291,1.0,-0.07333333333333333,False
O1,0.005,recall_auc,static_diverse,0.002455590386624869,0.0011320097526994076,0.01775592261403605,0.12429145829825236,0.19,False
O1,0.01,final_recall,random,0.011877394636015327,0.009195402298850575,0.7750057574185605,1.0,-0.15333333333333332,False
O1,0.01,final_recall,greedy_walk,0.011877394636015327,0.008812260536398468,0.4203635609998615,1.0,0.12111111111111111,False
O1,0.01,final_recall,gp_ei,0.011877394636015327,0.03256704980842912,0.19032469238857053,0.9516234619428526,-0.14444444444444443,False
O1,0.01,final_recall,ensemble_ts,0.011877394636015327,0.09923371647509578,2.5750610395096486e-05,0.00023175549355586837,-0.7233333333333334,True
O1,0.01,final_recall,de,0.011877394636015327,0.043678160919540236,0.0007560168696480689,0.005292118087536483,-0.4577777777777778,True
O1,0.01,final_recall,pso,0.011877394636015327,0.08199233716475095,2.6059964885236033e-05,0.00023175549355586837,-0.8166666666666667,True
O1,0.01,final_recall,ga,0.011877394636015327,0.04597701149425288,0.005320963380399482,0.03192578028239689,-0.35777777777777775,True
O1,0.01,final_recall,social_ws,0.011877394636015327,0.00996168582375479,0.6906773001510486,1.0,0.03888888888888889,False
O1,0.01,final_recall,static_diverse,0.011877394636015327,0.008812260536398468,0.8519546884837713,1.0,-0.12555555555555556,False
O1,0.01,recall_auc,random,0.0042850222398379345,0.0046725679305940895,0.37026127045291435,1.0,-0.1688888888888889,False
O1,0.01,recall_auc,greedy_walk,0.0042850222398379345,0.005588585017835909,0.875329249147922,1.0,0.08444444444444445,False
O1,0.01,recall_auc,gp_ei,0.0042850222398379345,0.01418945699564011,0.1273529210483305,0.6367646052416525,-0.16111111111111112,False
O1,0.01,recall_auc,ensemble_ts,0.0042850222398379345,0.036341216364997576,3.672528193419887e-05,0.000293802255473591,-0.6822222222222222,True
O1,0.01,recall_auc,de,0.0042850222398379345,0.012595234949575018,0.001197112775329433,0.008379789427306031,-0.39222222222222225,True
O1,0.01,recall_auc,pso,0.0042850222398379345,0.035354736424891,1.4537725877867186e-05,0.00013083953290080467,-0.8122222222222222,True
O1,0.01,recall_auc,ga,0.0042850222398379345,0.016972739683797953,0.005723186500070234,0.03433911900042141,-0.32666666666666666,True
O1,0.01,recall_auc,social_ws,0.0042850222398379345,0.004240982956797465,0.8752911852109797,1.0,0.028888888888888888,False
O1,0.01,recall_auc,static_diverse,0.0042850222398379345,0.0017703791782269784,0.3692579117913912,1.0,-0.08,False
O1,0.02,final_recall,random,0.027203065134099615,0.021839080459770115,0.3778299852002919,0.4335119849919533,0.10111111111111111,False
O1,0.02,final_recall,greedy_walk,0.027203065134099615,0.012643678160919542,0.009017322941372008,0.0409511469605842,0.5088888888888888,True
O1,0.02,final_recall,gp_ei,0.027203065134099615,0.06551724137931035,0.008190229392116841,0.0409511469605842,-0.39555555555555555,True
O1,0.02,final_recall,ensemble_ts,0.027203065134099615,0.2494252873563218,1.6997692098403257e-06,1.529792288856293e-05,-0.9588888888888889,True
O1,0.02,final_recall,de,0.027203065134099615,0.10536398467432949,0.00014516147204518895,0.0010161303043163226,-0.6033333333333334,True
O1,0.02,final_recall,pso,0.027203065134099615,0.16168582375478927,8.281933444259634e-06,6.625546755407707e-05,-0.8077777777777778,True
O1,0.02,final_recall,ga,0.027203065134099615,0.08773946360153255,0.0019209961018012188,0.011525976610807313,-0.4211111111111111,True
O1,0.02,final_recall,social_ws,0.027203065134099615,0.01609195402298851,0.031065224578844357,0.09319567373653306,0.3433333333333333,False
O1,0.02,final_recall,static_diverse,0.027203065134099615,0.0318007662835249,0.21675599249597666,0.4335119849919533,-0.1288888888888889,False
O1,0.02,recall_auc,random,0.00959615977451887,0.010274364733342142,0.6575570162240355,0.6575570162240355,-0.09555555555555556,False
O1,0.02,recall_auc,greedy_walk,0.00959615977451887,0.008215528251200071,0.07271968517762481,0.29087874071049924,0.42444444444444446,False
O1,0.02,recall_auc,gp_ei,0.00959615977451887,0.03056546439423967,0.0897093535387235,0.29087874071049924,-0.29333333333333333,False
O1,0.02,recall_auc,ensemble_ts,0.00959615977451887,0.10714096974501255,5.587935447692871e-09,5.029141902923584e-08,-0.9177777777777778,True
O1,0.02,recall_auc,de,0.00959615977451887,0.04388294358567842,1.8244609236717224e-05,0.00012771226465702057,-0.6066666666666667,True
O1,0.02,recall_auc,pso,0.00959615977451887,0.08168186021931563,2.60770320892334e-08,2.086162567138672e-07,-0.9155555555555556,True
O1,0.02,recall_auc,ga,0.00959615977451887,0.04144977319769235,0.0009025687529784163,0.005415412517870498,-0.45111111111111113,True
O1,0.02,recall_auc,social_ws,0.00959615977451887,0.006751222090104373,0.1572356718098523,0.3144713436197046,0.25333333333333335,False
O1,0.02,recall_auc,static_diverse,0.00959615977451887,0.013401153829215662,0.048306176739718494,0.24153088369859246,-0.3111111111111111,False
O1,0.05,final_recall,random,0.07547892720306515,0.05172413793103448,0.07386162313077935,0.1477232462615587,0.1922222222222222,False
O1,0.05,final_recall,greedy_walk,0.07547892720306515,0.016091954022988506,0.0005456705971927141,0.0024736082069241453,0.7522222222222222,True
O1,0.05,final_recall,gp_ei,0.07547892720306515,0.13946360153256707,0.0004947216413848291,0.0024736082069241453,-0.5411111111111111,True
O1,0.05,final_recall,ensemble_ts,0.07547892720306515,0.5961685823754788,1.6805458207281383e-06,1.5124912386553244e-05,-1.0,True
O1,0.05,final_recall,de,0.07547892720306515,0.26015325670498085,1.9469635599520247e-05,0.00013628744919664173,-0.71,True
O1,0.05,final_recall,pso,0.07547892720306515,0.32222222222222213,1.900634232950599e-06,1.5205073863604792e-05,-0.9333333333333333,True
O1,0.05,final_recall,ga,0.07547892720306515,0.18275862068965523,9.851312111009188e-05,0.0005910787266605513,-0.57,True
O1,0.05,final_recall,social_ws,0.07547892720306515,0.042528735632183914,0.04366435089618876,0.13099305268856629,0.44,False
O1,0.05,final_recall,static_diverse,0.07547892720306515,0.07471264367816091,0.9826963727172533,0.9826963727172533,-0.12666666666666668,False
O1,0.05,recall_auc,random,0.02988153432862113,0.02749548597348835,0.8552717231214046,0.8552717231214046,-0.02666666666666667,False
O1,0.05,recall_auc,greedy_walk,0.02988153432862113,0.01283040472101114,0.0014326089528015902,0.005730435811206361,0.6688888888888889,True
O1,0.05,recall_auc,gp_ei,0.02988153432862113,0.07260668516316553,0.00020912662148475647,0.0010456331074237823,-0.6133333333333333,True
O1,0.05,recall_auc,ensemble_ts,0.02988153432862113,0.3128057427225085,1.862645149230957e-09,1.6763806343078613e-08,-1.0,True
O1,0.05,recall_auc,de,0.02988153432862113,0.13319769234156867,3.855675458908081e-07,2.6989728212356567e-06,-0.7688888888888888,True
O1,0.05,recall_auc,pso,0.02988153432862113,0.18411150746465849,1.862645149230957e-09,1.6763806343078613e-08,-0.9622222222222222,True
O1,0.05,recall_auc,ga,0.02988153432862113,0.10045977011494255,2.348795533180237e-06,1.4092773199081421e-05,-0.6355555555555555,True
O1,0.05,recall_auc,social_ws,0.02988153432862113,0.015496542916281325,0.02084985189139843,0.06254955567419529,0.39555555555555555,False
O1,0.05,recall_auc,static_diverse,0.02988153432862113,0.037159466243889556,0.06563400876495686,0.1312680175299137,-0.3433333333333333,False
O2,0.005,final_recall,random,0.013026819923371647,0.004980842911877395,0.0043065734919457,0.030146014443619897,0.4444444444444444,True
O2,0.005,final_recall,greedy_walk,0.013026819923371647,0.009578544061302681,0.2839499382105769,0.8518498146317307,0.2311111111111111,False
O2,0.005,final_recall,gp_ei,0.013026819923371647,0.00842911877394636,0.03513095107788571,0.21078570646731426,0.24444444444444444,False
O2,0.005,final_recall,ensemble_ts,0.013026819923371647,0.013409961685823753,0.8861684261706714,1.0,0.11555555555555555,False
O2,0.005,final_recall,de,0.013026819923371647,0.013026819923371647,0.9857641616006213,1.0,0.051111111111111114,False
O2,0.005,final_recall,pso,0.013026819923371647,0.01839080459770115,0.08575676161657912,0.4287838080828956,-0.08666666666666667,False
O2,0.005,final_recall,ga,0.013026819923371647,0.009578544061302681,0.1543077905231703,0.6172311620926813,0.22,False
O2,0.005,final_recall,social_ws,0.013026819923371647,0.025670498084291185,0.0008215007646254755,0.006572006117003804,-0.3711111111111111,True
O2,0.005,final_recall,static_diverse,0.013026819923371647,0.0019157088122605363,8.026941836090367e-05,0.000722424765248133,0.6222222222222222,True
O2,0.005,recall_auc,random,0.0037878787878787876,0.002150818530128875,0.03959176323669036,0.23755057942014213,0.36333333333333334,False
O2,0.005,recall_auc,greedy_walk,0.0037878787878787876,0.0035788923719958193,0.8086035171332935,1.0,0.22666666666666666,False
O2,0.005,recall_auc,gp_ei,0.0037878787878787876,0.0019940787182166487,0.014207825052591173,0.09945477536813821,0.29,False
O2,0.005,recall_auc,ensemble_ts,0.0037878787878787876,0.005555555555555555,0.4430280110580239,1.0,0.03777777777777778,False
O2,0.005,recall_auc,de,0.0037878787878787876,0.004249390456287009,0.7455495784750288,1.0,0.03333333333333333,False
O2,0.005,recall_auc,pso,0.0037878787878787876,0.006461163357715081,0.08641125076474426,0.4320562538237213,-0.09555555555555556,False
O2,0.005,recall_auc,ga,0.0037878787878787876,0.003247997213514454,0.46612733782322324,1.0,0.22,False
O2,0.005,recall_auc,social_ws,0.0037878787878787876,0.008455242075931733,0.0003950037697106443,0.0031600301576851543,-0.3377777777777778,True
O2,0.005,recall_auc,static_diverse,0.0037878787878787876,0.0007924068268895854,7.521278122030787e-05,0.0006769150309827709,0.58,True
O2,0.01,final_recall,random,0.031417624521072794,0.00996168582375479,0.00015799495982186875,0.00126395967857495,0.5777777777777777,True
O2,0.01,final_recall,greedy_walk,0.031417624521072794,0.018773946360153258,0.0142982774242644,0.0857896645455864,0.3377777777777778,False
O2,0.01,final_recall,gp_ei,0.031417624521072794,0.017241379310344824,0.0024774261900753075,0.017341983330527153,0.36666666666666664,True
O2,0.01,final_recall,ensemble_ts,0.031417624521072794,0.03946360153256705,0.16079174166184806,0.8039587083092403,-0.16333333333333333,False
O2,0.01,final_recall,de,0.031417624521072794,0.029501915708812256,0.7654166779115907,1.0,0.04111111111111111,False
O2,0.01,final_recall,pso,0.031417624521072794,0.03371647509578544,0.8182627633233811,1.0,0.023333333333333334,False
O2,0.01,final_recall,ga,0.031417624521072794,0.026053639846743294,0.3887713185458834,1.0,0.14333333333333334,False
O2,0.01,final_recall,social_ws,0.031417624521072794,0.03103448275862069,0.9794905117604112,1.0,0.025555555555555557,False
O2,0.01,final_recall,static_diverse,0.031417624521072794,0.008812260536398466,6.891814554541686e-05,0.0006202633099087517,0.6111111111111112,True
O2,0.01,recall_auc,random,0.010785220416611617,0.004879552560884307,0.0018609273867180342,0.014887419093744273,0.4,True
O2,0.01,recall_auc,greedy_walk,0.010785220416611617,0.009248249438499142,0.27962418686831914,0.8388725606049574,0.17333333333333334,False
O2,0.01,recall_auc,gp_ei,0.010785220416611617,0.0063989078257805955,0.007097259524103007,0.04968081666872105,0.25,True
O2,0.01,recall_auc,ensemble_ts,0.010785220416611617,0.015382921566036902,0.13566462342708088,0.6783231171354044,-0.18222222222222223,False
O2,0.01,recall_auc,de,0.010785220416611617,0.011225613247016337,0.6583136020150125,1.0,-0.057777777777777775,False
O2,0.01,recall_auc,pso,0.010785220416611617,0.016131589377724926,0.13568748439146702,0.6783231171354044,-0.11444444444444445,False
O2,0.01,recall_auc,ga,0.010785220416611617,0.010274364733342142,0.5846760364951094,1.0,0.09666666666666666,False
O2,0.01,recall_auc,social_ws,0.010785220416611617,0.015999471528603516,0.028139764103698985,0.16883858462219392,-0.1988888888888889,False
O2,0.01,recall_auc,static_diverse,0.010785220416611617,0.00397674725855463,0.0007692318629319435,0.006923086766387491,0.49,True
O2,0.02,final_recall,random,0.06321839080459771,0.022222222222222216,3.716762124465211e-05,0.00026017334871256473,0.7111111111111111,True
O2,0.02,final_recall,greedy_walk,0.06321839080459771,0.02528735632183908,2.7627636096590194e-05,0.00022102108877272155,0.6577777777777778,True
O2,0.02,final_recall,gp_ei,0.06321839080459771,0.03218390804597701,0.0001137282599252517,0.0006823695595515102,0.6044444444444445,True
O2,0.02,final_recall,ensemble_ts,0.06321839080459771,0.09080459770114942,0.003289201125567674,0.01644600562783837,-0.44222222222222224,True
O2,0.02,final_recall,de,0.06321839080459771,0.0793103448275862,0.03170896334671783,0.1268358533868713,-0.2811111111111111,False
O2,0.02,final_recall,pso,0.06321839080459771,0.06130268199233717,0.7927895772210151,1.0,0.044444444444444446,False
O2,0.02,final_recall,ga,0.06321839080459771,0.05440613026819922,0.294336103255433,0.8830083097662991,0.18777777777777777,False
O2,0.02,final_recall,social_ws,0.06321839080459771,0.060536398467432945,0.7446549939360461,1.0,0.024444444444444446,False
O2,0.02,final_recall,static_diverse,0.06321839080459771,0.009195402298850575,5.4171124967997e-06,4.8754012471197294e-05,0.8933333333333333,True
O2,0.02,recall_auc,random,0.026282644118553754,0.010100409565332277,5.973502993583679e-06,5.376152694225311e-05,0.6355555555555555,True
O2,0.02,recall_auc,greedy_walk,0.026282644118553754,0.015671378869952,0.006622851948251221,0.03973711168950733,0.3977777777777778,True
O2,0.02,recall_auc,gp_ei,0.026282644118553754,0.016772360945963804,0.002104112725502719,0.014728789078519034,0.3844444444444444,True
O2,0.02,recall_auc,ensemble_ts,0.026282644118553754,0.03980490597613071,0.009171463756728953,0.04585731878364477,-0.4411111111111111,True
O2,0.02,recall_auc,de,0.026282644118553754,0.03185361342317347,0.15884448242231464,0.6353779296892585,-0.19777777777777777,False
O2,0.02,recall_auc,pso,0.026282644118553754,0.03178315057030871,0.5857016572266018,1.0,-0.06444444444444444,False
O2,0.02,recall_auc,ga,0.026282644118553754,0.025542784163473817,0.5425279382616282,1.0,0.06111111111111111,False
O2,0.02,recall_auc,social_ws,0.026282644118553754,0.028713612542387815,0.3709100073132159,1.0,-0.1,False
O2,0.02,recall_auc,static_diverse,0.026282644118553754,0.006423129431452858,7.686603674178177e-06,6.149282939342541e-05,0.7822222222222223,True
O2,0.05,final_recall,random,0.15019157088122606,0.05900383141762452,1.884061815903355e-06,1.4887334082392592e-05,0.9322222222222222,True
O2,0.05,final_recall,greedy_walk,0.15019157088122606,0.05172413793103449,2.4847014728639926e-06,1.4908208837183956e-05,0.9677777777777777,True
O2,0.05,final_recall,gp_ei,0.15019157088122606,0.05210727969348659,1.6541482313769548e-06,1.4887334082392592e-05,0.99,True
O2,0.05,final_recall,ensemble_ts,0.15019157088122606,0.21494252873563216,4.057191903105252e-05,0.00020285959515526261,-0.6577777777777778,True
O2,0.05,final_recall,de,0.15019157088122606,0.17509578544061308,0.02885155107485098,0.08655465322455294,-0.33555555555555555,False
O2,0.05,final_recall,pso,0.15019157088122606,0.11455938697318008,0.005552105721926787,0.02220842288770715,0.34444444444444444,True
O2,0.05,final_recall,ga,0.15019157088122606,0.15862068965517243,0.6503621600426961,0.6503621600426961,-0.11888888888888889,False
O2,0.05,final_recall,social_ws,0.15019157088122606,0.13218390804597702,0.15569966686957348,0.31139933373914697,0.16666666666666666,False
O2,0.05,final_recall,static_diverse,0.15019157088122606,0.011877394636015321,1.700842538286186e-06,1.4887334082392592e-05,1.0,True
O2,0.05,recall_auc,random,0.06454661558109835,0.029263222794732903,1.971950839817986e-05,9.85975419908993e-05,0.7377777777777778,True
O2,0.05,recall_auc,greedy_walk,0.06454661558109835,0.030175716739331483,1.991167664527893e-06,1.3470649719238281e-05,0.6755555555555556,True
O2,0.05,recall_auc,gp_ei,0.06454661558109835,0.031941691989254416,1.6838312149047852e-06,1.3470649719238281e-05,0.7311111111111112,True
O2,0.05,recall_auc,ensemble_ts,0.06454661558109835,0.10869863918615406,9.98377799987793e-07,8.985400199890137e-06,-0.7044444444444444,True
O2,0.05,recall_auc,de,0.06454661558109835,0.09081428634341833,0.000283263623714447,0.001133054494857788,-0.5611111111111111,True
O2,0.05,recall_auc,pso,0.06454661558109835,0.06563262430087638,0.9917943474729133,1.0,0.0044444444444444444,False
O2,0.05,recall_auc,ga,0.06454661558109835,0.0730849517769851,0.4161298982799053,1.0,-0.14666666666666667,False
O2,0.05,recall_auc,social_ws,0.06454661558109835,0.06625269740608623,0.7000329215079546,1.0,-0.06222222222222222,False
O2,0.05,recall_auc,static_diverse,0.06454661558109835,0.008832518606597084,1.7333066441991056e-06,1.3470649719238281e-05,0.9911111111111112,True
O3,0.005,final_recall,random,0.004214559386973181,0.004214559386973181,0.9775961140178585,1.0,0.042222222222222223,False
O3,0.005,final_recall,greedy_walk,0.004214559386973181,0.004597701149425287,0.7815112949987133,1.0,-0.012222222222222223,False
O3,0.005,final_recall,gp_ei,0.004214559386973181,0.0011494252873563218,0.011412036386001646,0.09129629108801317,0.26666666666666666,False
O3,0.005,final_recall,ensemble_ts,0.004214559386973181,0.006513409961685823,0.1964234018976908,1.0,-0.10333333333333333,False
O3,0.005,final_recall,de,0.004214559386973181,0.004597701149425287,0.8083651559145103,1.0,-0.012222222222222223,False
O3,0.005,final_recall,pso,0.004214559386973181,0.0030651340996168583,0.25683925795785656,1.0,0.1,False
O3,0.005,final_recall,ga,0.004214559386973181,0.004597701149425287,0.7962534147376392,1.0,0.042222222222222223,False
O3,0.005,final_recall,social_ws,0.004214559386973181,0.0076628352490421435,0.020136751550346346,0.14095726085242444,-0.22444444444444445,False
O3,0.005,final_recall,static_diverse,0.004214559386973181,0.0003831417624521073,0.0038924171227786276,0.03503175410500765,0.3333333333333333,True
O3,0.005,recall_auc,random,0.0013584117032392892,0.0016370602577499129,0.8788222483689953,1.0,0.028888888888888888,False
O3,0.005,recall_auc,greedy_walk,0.0013584117032392892,0.0016022291884360844,0.7224882377863827,1.0,-0.021111111111111112,False
O3,0.005,recall_auc,gp_ei,0.0013584117032392892,0.0003134796238244514,0.018602929901135743,0.14882343920908594,0.26555555555555554,False
O3,0.005,recall_auc,ensemble_ts,0.0013584117032392892,0.0019592476489028216,0.3836374897745267,1.0,-0.08888888888888889,False
O3,0.005,recall_auc,de,0.0013584117032392892,0.0014193660745384883,0.930542166320817,1.0,-0.008888888888888889,False
O3,0.005,recall_auc,pso,0.0013584117032392892,0.0011494252873563218,0.8611783621193977,1.0,0.08222222222222222,False
O3,0.005,recall_auc,ga,0.0013584117032392892,0.0018721699756182513,0.4602110981447485,1.0,0.014444444444444444,False
O3,0.005,recall_auc,social_ws,0.0013584117032392892,0.003970741901776384,0.0015761163472996962,0.014185047125697266,-0.32,True
O3,0.005,recall_auc,static_diverse,0.0013584117032392892,0.0002438174851967955,0.02056085784303983,0.14882343920908594,0.32666666666666666,False
O3,0.01,final_recall,random,0.008812260536398468,0.011111111111111108,0.4360324803838045,1.0,-0.1111111111111111,False
O3,0.01,final_recall,greedy_walk,0.008812260536398468,0.00842911877394636,1.0,1.0,0.0022222222222222222,False
O3,0.01,final_recall,gp_ei,0.008812260536398468,0.0026819923371647508,0.004258391132404379,0.038325520191639414,0.3377777777777778,True
O3,0.01,final_recall,ensemble_ts,0.008812260536398468,0.019923371647509576,0.0045794505111306436,0.038325520191639414,-0.4411111111111111,True
O3,0.01,final_recall,de,0.008812260536398468,0.01111111111111111,0.521844943698492,1.0,-0.04,False
O3,0.01,final_recall,pso,0.008812260536398468,0.01111111111111111,0.34688318636570137,1.0,-0.052222222222222225,False
O3,0.01,final_recall,ga,0.008812260536398468,0.011111111111111108,0.33765022175803194,1.0,-0.11555555555555555,False
O3,0.01,final_recall,social_ws,0.008812260536398468,0.01226053639846743,0.14477563699223436,0.8686538219534061,-0.1711111111111111,False
O3,0.01,final_recall,static_diverse,0.008812260536398468,0.004597701149425287,0.08233572797347782,0.5763500958143448,0.21222222222222223,False
O3,0.01,recall_auc,random,0.004205751530365085,0.0048927643457964505,0.5937712329166256,1.0,-0.08777777777777777,False
O3,0.01,recall_auc,greedy_walk,0.004205751530365085,0.004108865107676047,0.7577290453115452,1.0,-0.01888888888888889,False
O3,0.01,recall_auc,gp_ei,0.004205751530365085,0.0011626370722684631,0.008598123025862351,0.07738310723276116,0.34555555555555556,False
O3,0.01,recall_auc,ensemble_ts,0.004205751530365085,0.007552737041440964,0.04503365011067729,0.3602692008854183,-0.35444444444444445,False
O3,0.01,recall_auc,de,0.004205751530365085,0.004654952217377899,0.8756916878091066,1.0,-0.005555555555555556,False
O3,0.01,recall_auc,pso,0.004205751530365085,0.004650548289073853,0.8757009992719803,1.0,-0.021111111111111112,False
O3,0.01,recall_auc,ga,0.004205751530365085,0.0045052186550402955,0.5372549771615922,1.0,-0.09555555555555556,False
O3,0.01,recall_auc,social_ws,0.004205751530365085,0.0060333817765446775,0.17588200588263758,1.0,-0.23666666666666666,False
O3,0.01,recall_auc,static_diverse,0.004205751530365085,0.0018760734575241115,0.04951805002056132,0.3602692008854183,0.24,False
O3,0.02,final_recall,random,0.018390804597701146,0.01800766283524904,0.8176761527395149,1.0,0.09444444444444444,False
O3,0.02,final_recall,greedy_walk,0.018390804597701146,0.01839080459770115,0.7793304319835999,1.0,0.044444444444444446,False
O3,0.02,final_recall,gp_ei,0.018390804597701146,0.0076628352490421435,0.0003722325657365783,0.0029778605258926265,0.5755555555555556,True
O3,0.02,final_recall,ensemble_ts,0.018390804597701146,0.04789272030651341,4.580633769182085e-06,4.1225703922638765e-05,-0.7622222222222222,True
O3,0.02,final_recall,de,0.018390804597701146,0.0318007662835249,0.00687047778499013,0.04809334449493091,-0.24888888888888888,True
O3,0.02,final_recall,pso,0.018390804597701146,0.023371647509578538,0.1476209571049646,0.5904838284198584,-0.07111111111111111,False
O3,0.02,final_recall,ga,0.018390804597701146,0.02720306513409961,0.017731429122779988,0.10638857473667993,-0.26222222222222225,False
O3,0.02,final_recall,social_ws,0.018390804597701146,0.023754789272030643,0.10363300104313668,0.5181650052156834,-0.16666666666666666,False
O3,0.02,final_recall,static_diverse,0.018390804597701146,0.015708812260536397,0.3125446021842525,0.9376338065527575,0.20333333333333334,False
O3,0.02,recall_auc,random,0.009157968908266175,0.009961685823754791,0.909348134838074,1.0,0.011111111111111112,False
O3,0.02,recall_auc,greedy_walk,0.009157968908266175,0.008396089311666006,0.6554384250193834,1.0,0.13111111111111112,False
O3,0.02,recall_auc,gp_ei,0.009157968908266175,0.002941824107103537,0.0003872826227702724,0.003098260982162179,0.5733333333333334,True
O3,0.02,recall_auc,ensemble_ts,0.009157968908266175,0.0209516889065046,2.368094914021711e-05,0.00021312854226195396,-0.6511111111111111,True
O3,0.02,recall_auc,de,0.009157968908266175,0.013291055621614483,0.30860205846196165,1.0,-0.1622222222222222,False
O3,0.02,recall_auc,pso,0.009157968908266175,0.011034042365790284,0.5038216895617713,1.0,0.008888888888888889,False
O3,0.02,recall_auc,ga,0.009157968908266175,0.01139076055841811,0.2622861019897379,1.0,-0.09666666666666666,False
O3,0.02,recall_auc,social_ws,0.009157968908266175,0.010505570969304621,0.42841781830078074,1.0,-0.04888888888888889,False
O3,0.02,recall_auc,static_diverse,0.009157968908266175,0.0059078698198793324,0.07268905406033858,0.5088233784223701,0.31,False
O3,0.05,final_recall,random,0.05977011494252873,0.04712643678160919,0.05121492993515668,0.20485971974062672,0.2777777777777778,False
O3,0.05,final_recall,greedy_walk,0.05977011494252873,0.041379310344827586,0.005355796560916021,0.02847173588425399,0.4677777777777778,True
O3,0.05,final_recall,gp_ei,0.05977011494252873,0.05249042145593868,0.15419822878412878,0.4625946863523863,0.13444444444444445,False
O3,0.05,final_recall,ensemble_ts,0.05977011494252873,0.11685823754789272,5.498165044527957e-06,4.9483485400751617e-05,-0.8644444444444445,True
O3,0.05,final_recall,de,0.05977011494252873,0.08467432950191571,0.0010081286017071174,0.007056900211949822,-0.43222222222222223,True
O3,0.05,final_recall,pso,0.05977011494252873,0.056704980842911874,0.55195105899894,0.55195105899894,0.08666666666666667,False
O3,0.05,final_recall,ga,0.05977011494252873,0.08122605363984675,0.004745289314042332,0.02847173588425399,-0.45666666666666667,True
O3,0.05,final_recall,social_ws,0.05977011494252873,0.05095785440613026,0.1798190643053429,0.4625946863523863,0.13111111111111112,False
O3,0.05,final_recall,static_diverse,0.05977011494252873,0.029118773946360147,6.536604869352463e-05,0.0005229283895481971,0.7122222222222222,True
O3,0.05,recall_auc,random,0.02786101202272427,0.02426564495530013,0.3598779272288084,1.0,0.14888888888888888,False
O3,0.05,recall_auc,greedy_walk,0.02786101202272427,0.02200731052098472,0.12935307621955872,0.5174123048782349,0.24444444444444444,False
O3,0.05,recall_auc,gp_ei,0.02786101202272427,0.01623904522834368,0.00023156571731570424,0.001852525738525634,0.46,True
O3,0.05,recall_auc,ensemble_ts,0.02786101202272427,0.05945479367595897,3.1478703022003174e-07,2.8330832719802856e-06,-0.8222222222222222,True
O3,0.05,recall_auc,de,0.02786101202272427,0.04168053904082441,0.001340603455901146,0.008043620735406876,-0.37333333333333335,True
O3,0.05,recall_auc,pso,0.02786101202272427,0.02751045932972211,0.6583220633652915,1.0,0.07777777777777778,False
O3,0.05,recall_auc,ga,0.02786101202272427,0.03931210639890783,0.0007726592908711715,0.005408615036098201,-0.43,True
O3,0.05,recall_auc,social_ws,0.02786101202272427,0.024794116351785796,0.3654490375803874,1.0,0.09777777777777778,False
O3,0.05,recall_auc,static_diverse,0.02786101202272427,0.01700444796758709,0.004833329214214507,0.024166646071072537,0.43333333333333335,True
O4,0.005,final_recall,random,0.006172839506172839,0.00802469135802469,0.6354287247995768,0.6586977656095567,-0.042222222222222223,False
O4,0.005,final_recall,greedy_walk,0.006172839506172839,0.012962962962962963,0.1051169961765555,0.3153509885296665,-0.013333333333333334,False
O4,0.005,final_recall,gp_ei,0.006172839506172839,0.0018518518518518517,0.008150971593502702,0.06520777274802161,0.17333333333333334,False
O4,0.005,final_recall,ensemble_ts,0.006172839506172839,0.03518518518518519,0.011472555356417906,0.06520777274802161,-0.29555555555555557,False
O4,0.005,final_recall,de,0.006172839506172839,0.010493827160493827,0.32934888280477836,0.6586977656095567,-0.022222222222222223,False
O4,0.005,final_recall,pso,0.006172839506172839,0.030246913580246906,0.0010027341309322183,0.009024607178389965,-0.3244444444444444,True
O4,0.005,final_recall,ga,0.006172839506172839,0.01728395061728395,0.016857051673334882,0.06742820669333953,-0.1288888888888889,False
O4,0.005,final_recall,social_ws,0.006172839506172839,0.0018518518518518517,0.008150971593502702,0.06520777274802161,0.17333333333333334,False
O4,0.005,final_recall,static_diverse,0.006172839506172839,0.0018518518518518517,0.008150971593502702,0.06520777274802161,0.17333333333333334,False
O4,0.005,recall_auc,random,0.0034567901234567894,0.0044444444444444444,0.5091708291833755,1.0,-0.04888888888888889,False
O4,0.005,recall_auc,greedy_walk,0.0034567901234567894,0.006867283950617283,0.109335617189833,0.32800685156949905,-0.0033333333333333335,False
O4,0.005,recall_auc,gp_ei,0.0034567901234567894,0.0015277777777777774,0.017960477526078763,0.1436838202086301,0.15444444444444444,False
O4,0.005,recall_auc,ensemble_ts,0.0034567901234567894,0.01566358024691358,0.022745072255317505,0.1436838202086301,-0.2811111111111111,False
O4,0.005,recall_auc,de,0.0034567901234567894,0.004120370370370371,0.906293509044724,1.0,-0.011111111111111112,False
O4,0.005,recall_auc,pso,0.0034567901234567894,0.012299382716049382,0.002836069988224421,0.02552462989401979,-0.27666666666666667,True
O4,0.005,recall_auc,ga,0.0034567901234567894,0.006743827160493826,0.027660332975047604,0.1436838202086301,-0.10333333333333333,False
O4,0.005,recall_auc,social_ws,0.0034567901234567894,0.0015277777777777774,0.017960477526078763,0.1436838202086301,0.15444444444444444,False
O4,0.005,recall_auc,static_diverse,0.0034567901234567894,0.0015277777777777774,0.017960477526078763,0.1436838202086301,0.15444444444444444,False
O4,0.01,final_recall,random,0.01111111111111111,0.011111111111111108,0.8904941010197968,0.9904017073787668,-0.03666666666666667,False
O4,0.01,final_recall,greedy_walk,0.01111111111111111,0.016049382716049384,0.4952008536893834,0.9904017073787668,0.1,False
O4,0.01,final_recall,gp_ei,0.01111111111111111,0.0018518518518518517,0.0021721536873098514,0.01520507581116896,0.31,True
O4,0.01,final_recall,ensemble_ts,0.01111111111111111,0.05246913580246913,0.0012379284248213828,0.009903427398571063,-0.39,True
O4,0.01,final_recall,de,0.01111111111111111,0.025308641975308643,0.027372432573561277,0.08211729772068382,-0.17666666666666667,False
O4,0.01,final_recall,pso,0.01111111111111111,0.06419753086419752,3.0206199193964483e-05,0.00027185579274568034,-0.5922222222222222,True
O4,0.01,final_recall,ga,0.01111111111111111,0.026543209876543208,0.019540095835452263,0.07816038334180905,-0.12,False
O4,0.01,final_recall,social_ws,0.01111111111111111,0.004320987654320987,0.0022819372533154484,0.01520507581116896,0.2833333333333333,True
O4,0.01,final_recall,static_diverse,0.01111111111111111,0.0018518518518518517,0.0021721536873098514,0.01520507581116896,0.31,True
O4,0.01,recall_auc,random,0.005246913580246912,0.005738454503886602,0.9404654549563661,0.9791114237973051,-0.034444444444444444,False
O4,0.01,recall_auc,greedy_walk,0.005246913580246912,0.008939186099679924,0.2787073832496024,0.8361221497488073,0.08777777777777777,False
O4,0.01,recall_auc,gp_ei,0.005246913580246912,0.0016117969821673522,0.00333001391174598,0.02664011129396784,0.27444444444444444,True
O4,0.01,recall_auc,ensemble_ts,0.005246913580246912,0.022736625514403294,0.010549628620064748,0.05274814310032374,-0.3288888888888889,False
O4,0.01,recall_auc,de,0.005246913580246912,0.0073616826703246435,0.48955571189865255,0.9791114237973051,-0.07555555555555556,False
O4,0.01,recall_auc,pso,0.005246913580246912,0.02217649748513946,6.436222250578703e-05,0.0005792600025520833,-0.4666666666666667,True
O4,0.01,recall_auc,ga,0.005246913580246912,0.01060813900320073,0.02940348997658955,0.1176139599063582,-0.07555555555555556,False
O4,0.01,recall_auc,social_ws,0.005246913580246912,0.0017489711934156372,0.00333001391174598,0.02664011129396784,0.27444444444444444,True
O4,0.01,recall_auc,static_diverse,0.005246913580246912,0.0016117969821673522,0.00333001391174598,0.02664011129396784,0.27444444444444444,True
O4,0.02,final_recall,random,0.024691358024691357,0.025308641975308636,0.8056304426516023,1.0,-0.18333333333333332,False
O4,0.02,final_recall,greedy_walk,0.024691358024691357,0.02839506172839506,0.9720054872265849,1.0,0.17,False
O4,0.02,final_recall,gp_ei,0.024691358024691357,0.04135802469135801,0.012129206738171427,0.04851682695268571,-0.41888888888888887,True
O4,0.02,final_recall,ensemble_ts,0.024691358024691357,0.18950617283950616,5.145138436691182e-06,4.116110749352945e-05,-0.8566666666666667,True
O4,0.02,final_recall,de,0.024691358024691357,0.08148148148148147,0.0003480571651809531,0.0024364001562666715,-0.5588888888888889,True
O4,0.02,final_recall,pso,0.024691358024691357,0.145679012345679,3.996962599628942e-06,3.5972663396660475e-05,-0.8566666666666667,True
O4,0.02,final_recall,ga,0.024691358024691357,0.07037037037037036,0.002158649656722124,0.012951897940332744,-0.49777777777777776,True
O4,0.02,final_recall,social_ws,0.024691358024691357,0.022839506172839506,0.8949181395424805,1.0,0.07444444444444444,False
O4,0.02,final_recall,static_diverse,0.024691358024691357,0.0049382716049382715,0.004939931735104196,0.02469965867552098,0.28,True
O4,0.02,recall_auc,random,0.006795839048925469,0.011522633744855964,0.11597146171308616,0.3479143851392585,-0.3022222222222222,False
O4,0.02,recall_auc,greedy_walk,0.006795839048925469,0.016529492455418383,0.33053567270784123,0.6610713454156825,0.13444444444444445,False
O4,0.02,recall_auc,gp_ei,0.006795839048925469,0.012837219935985364,0.0016314140426670271,0.008157070213335135,-0.44,True
O4,0.02,recall_auc,ensemble_ts,0.006795839048925469,0.0728909465020576,6.9798846122882135e-06,5.583907689830571e-05,-0.8244444444444444,True
O4,0.02,recall_auc,de,0.006795839048925469,0.028377914951989026,0.00014659265263360902,0.0008795559158016541,-0.5455555555555556,True
O4,0.02,recall_auc,pso,0.006795839048925469,0.06517489711934156,1.862645149230957e-09,1.6763806343078613e-08,-0.8733333333333333,True
O4,0.02,recall_auc,ga,0.006795839048925469,0.030595564700502974,0.00010959500143605879,0.0007671650100524115,-0.5322222222222223,True
O4,0.02,recall_auc,social_ws,0.006795839048925469,0.006395747599451303,0.9518614427430778,0.9518614427430778,0.07111111111111111,False
O4,0.02,recall_auc,static_diverse,0.006795839048925469,0.0022919524462734343,0.010558707616726165,0.04223483046690466,0.23555555555555555,True
O4,0.05,final_recall,random,0.0845679012345679,0.060493827160493834,0.08792340927778004,0.17584681855556009,0.2388888888888889,False
O4,0.05,final_recall,greedy_walk,0.0845679012345679,0.044444444444444446,0.04110372152618501,0.12331116457855502,0.5266666666666666,False
O4,0.05,final_recall,gp_ei,0.0845679012345679,0.07160493827160494,0.17276380868716124,0.17584681855556009,0.19111111111111112,False
O4,0.05,final_recall,ensemble_ts,0.0845679012345679,0.5234567901234568,1.6997692098403257e-06,1.5163217214510563e-05,-1.0,True
O4,0.05,final_recall,de,0.0845679012345679,0.22901234567901235,3.8445177647708456e-05,0.0002691162435339592,-0.6733333333333333,True
O4,0.05,final_recall,pso,0.0845679012345679,0.34382716049382717,1.6848019127233959e-06,1.5163217214510563e-05,-0.9888888888888889,True
O4,0.05,final_recall,ga,0.0845679012345679,0.17037037037037037,0.0006775171127423145,0.004065102676453887,-0.5944444444444444,True
O4,0.05,final_recall,social_ws,0.0845679012345679,0.046296296296296294,0.017501458346087247,0.07000583338434899,0.3811111111111111,False
O4,0.05,final_recall,static_diverse,0.0845679012345679,0.04197530864197531,0.0025557247242765043,0.012778623621382521,0.4122222222222222,True
O4,0.05,recall_auc,random,0.029023862170628342,0.030502579694121987,0.5425279382616282,0.5425279382616282,-0.04888888888888889,False
O4,0.05,recall_auc,greedy_walk,0.029023862170628342,0.029535194398378477,0.15043833857717884,0.3008766771543577,0.40444444444444444,False
O4,0.05,recall_auc,gp_ei,0.029023862170628342,0.043670536207849636,0.016877583744026235,0.06751033497610494,-0.3466666666666667,False
O4,0.05,recall_auc,ensemble_ts,0.029023862170628342,0.248366961488852,1.862645149230957e-09,1.6763806343078613e-08,-0.9933333333333333,True
O4,0.05,recall_auc,de,0.029023862170628342,0.10465496591118481,1.0802660182451594e-05,7.561862127716117e-05,-0.7211111111111111,True
O4,0.05,recall_auc,pso,0.029023862170628342,0.17623687119955775,1.862645149230957e-09,1.6763806343078613e-08,-0.9755555555555555,True
O4,0.05,recall_auc,ga,0.029023862170628342,0.08322277501381976,4.174619343439776e-05,0.00025047716060638657,-0.5977777777777777,True
O4,0.05,recall_auc,social_ws,0.029023862170628342,0.01869817578772803,0.03590284081166453,0.1077085224349936,0.33555555555555555,False
O4,0.05,recall_auc,static_diverse,0.029023862170628342,0.014865487377925186,0.004338232800364494,0.02169116400182247,0.3088888888888889,True
