scope,objective,A,B,mean_A,mean_B,mean_diff,p_wilcoxon_one_sided,cliffs_delta,n_pairs,d_z,power_t,power_wilcoxon_boot,n_for_80pct
pilot (seeds 0–9),O2,MOFGalaxyNet,degree-preserving random,0.06321839080459765,0.049425287356321804,0.013793103448275848,0.1953125,0.26,10,0.3681913274619191,0.2851800181184978,0.1915,46.98869952324742
pilot (seeds 0–9),O2,MOFGalaxyNet+ρ=0.10,degree-preserving random,0.064367816091954,0.049425287356321804,0.01494252873563218,0.0869140625,0.22,10,0.47969354834486216,0.40422511674489203,0.3735,28.27139225063822
pilot (seeds 0–9),O2,MOFGalaxyNet,Watts–Strogatz,0.06321839080459765,0.05862068965517238,0.004597701149425281,0.298828125,0.14,10,0.1570271764729584,0.11807404905383301,0.1195,252.09535534624064
ablation (seeds 0–29),O2,topology (a) MOFGalaxyNet,topology (c) degree-preserving random,0.06015325670498084,0.054022988505747126,0.006130268199233717,0.19023840314096746,0.14666666666666667,30,0.14942046919683707,0.19892631441017739,0.232,278.27372761587696
ablation (seeds 0–29),O2,topology (b) +ρ=0.10,topology (c) degree-preserving random,0.06321839080459771,0.054022988505747126,0.009195402298850575,0.09558024074794508,0.17555555555555555,30,0.26083556265867375,0.40145308004986735,0.3645,92.24090506437499
ablation (seeds 0–29),O2,topology (a) MOFGalaxyNet,topology (d) Watts–Strogatz,0.06015325670498084,0.05632183908045977,0.003831417624521072,0.2598897598433863,0.07333333333333333,30,0.10676783734578808,0.14149606499866707,0.164,543.714839083915
ablation (seeds 0–29),O2,"decoupled embedding, topology (a) MOFGalaxyNet","decoupled embedding, topology (c) degree-preserving random",0.016858237547892722,0.019157088122605363,-0.0022988505747126436,0.6214263538145414,-0.11333333333333333,30,-0.11429375791747429,0.012019184416442452,0.024,
ablation (seeds 0–29),O2,default,no neighbour term (α=β=0),0.06321839080459771,0.056704980842911874,0.006513409961685825,0.20967445300015464,0.12444444444444444,30,0.1445998394056709,0.19180934922565462,0.199,297.04467067805894
ablation (seeds 0–29),O3,topology (a) MOFGalaxyNet,topology (c) degree-preserving random,0.02030651340996168,0.014176245210727967,0.006130268199233717,0.02652091306114826,0.21777777777777776,30,0.3724439546619501,0.6357638612529027,0.64,45.953857040503536
ablation (seeds 0–29),O3,topology (b) +ρ=0.10,topology (c) degree-preserving random,0.018390804597701146,0.014176245210727967,0.00421455938697318,0.03558977365175616,0.18777777777777777,30,0.36687757724356834,0.6245299753404776,0.61,47.31569349223015
ablation (seeds 0–29),O3,topology (a) MOFGalaxyNet,topology (d) Watts–Strogatz,0.02030651340996168,0.024904214559386968,-0.004597701149425287,0.9642965758423576,-0.17,30,-0.353173021171227,0.0002035276652874174,0.0,
ablation (seeds 0–29),O3,"decoupled embedding, topology (a) MOFGalaxyNet","decoupled embedding, topology (c) degree-preserving random",0.01800766283524904,0.017624521072796932,0.0003831417624521073,0.4165144468597607,0.13666666666666666,30,0.021615143905181475,0.06310795587890561,0.096,13234.156965994971
ablation (seeds 0–29),O3,default,no neighbour term (α=β=0),0.018390804597701146,0.01762452107279693,0.0007662835249042146,0.36756379793461935,0.03333333333333333,30,0.06359740892623535,0.09601872457309757,0.107,1529.9376536815128
