objective,ablation,n_pairs,mean_A,mean_B,mean_diff,ci95_lo,ci95_hi,p_wilcoxon,r_rb,cliffs_delta,in_holm_family_36,p_holm_36
O2,P = 20,30,0.07241379310344827,0.06321839080459771,0.009195402298850575,-0.006896551724137932,0.025670498084291185,0.25680657030416876,0.24867724867724866,0.15888888888888889,True,1.0
O2,P = 5,30,0.06053639846743295,0.06321839080459771,-0.0026819923371647503,-0.01647509578544061,0.011111111111111112,0.8065713685609075,-0.056666666666666664,-0.07777777777777778,True,1.0
O2,centrality = PageRank,30,0.06973180076628353,0.06321839080459771,0.006513409961685825,-0.003065134099616858,0.016475095785440614,0.22629123890328806,0.2987012987012987,0.08777777777777777,True,1.0
O2,centrality = degree,30,0.0582375478927203,0.06321839080459771,-0.004980842911877394,-0.016475095785440614,0.00574712643678161,0.4713856367999961,-0.16666666666666666,-0.09333333333333334,True,1.0
O2,elite off,30,0.05785440613026819,0.06321839080459771,-0.0053639846743295016,-0.01494252873563218,0.004214559386973181,0.33425387210185387,-0.22826086956521738,-0.11555555555555555,True,1.0
O2,"geometry-only embedding, topology (a) MOFGalaxyNet",30,0.016858237547892722,0.06321839080459771,-0.04636015325670498,-0.05862068965517242,-0.033716475095785445,1.312769066337326e-05,-0.9408866995073891,-0.7866666666666666,False,
O2,"geometry-only embedding, topology (c) degree-preserving random",30,0.019157088122605363,0.06321839080459771,-0.04406130268199234,-0.05747126436781609,-0.029885057471264367,5.548508585264237e-05,-0.8551724137931035,-0.7577777777777778,False,
O2,h = 1,30,0.05287356321839081,0.06321839080459771,-0.010344827586206898,-0.02337164750957854,0.002681992337164751,0.14030749980672294,-0.31773399014778325,-0.19555555555555557,True,1.0
O2,mutation off,30,0.05747126436781609,0.06321839080459771,-0.00574712643678161,-0.014942528735632184,0.004214559386973181,0.15246435736117436,-0.33,-0.09555555555555556,True,1.0
O2,no neighbor term (α=β=0),30,0.056704980842911874,0.06321839080459771,-0.006513409961685825,-0.02260536398467433,0.008812260536398468,0.4193489060003093,-0.17724867724867724,-0.12444444444444444,True,1.0
O2,sync off,30,0.06206896551724137,0.06321839080459771,-0.001149425287356321,-0.01379310344827586,0.011111111111111112,0.8292832021919933,-0.05,-0.025555555555555557,True,1.0
O2,topology (a) MOFGalaxyNet,30,0.06015325670498084,0.06321839080459771,-0.0030651340996168588,-0.01800766283524904,0.011877394636015327,0.6804278470733423,-0.08866995073891626,-0.056666666666666664,True,1.0
O2,topology (b) +ρ=0.05,30,0.059386973180076616,0.06321839080459771,-0.003831417624521073,-0.016091954022988506,0.00842911877394636,0.6178107676775833,-0.1111111111111111,-0.07888888888888888,True,1.0
O2,topology (b) +ρ=0.10,30,0.06321839080459771,0.06321839080459771,0.0,0.0,0.0,1.0,0.0,0.0,False,
O2,topology (b) +ρ=0.20,30,0.05862068965517241,0.06321839080459771,-0.0045977011494252856,-0.017241379310344827,0.008812260536398468,0.2826391751430911,-0.23931623931623933,-0.07777777777777778,True,1.0
O2,topology (c) degree-preserving random,30,0.054022988505747126,0.06321839080459771,-0.009195402298850575,-0.021839080459770115,0.003065134099616859,0.19116048149589016,-0.28078817733990147,-0.17555555555555555,True,1.0
O2,topology (d) Watts–Strogatz,30,0.05632183908045977,0.06321839080459771,-0.00689655172413793,-0.018773946360153258,0.004214559386973181,0.26716748420090275,-0.25666666666666665,-0.13444444444444445,True,1.0
O2,uniform mutation,30,0.05670498084291188,0.06321839080459771,-0.006513409961685823,-0.019157088122605356,0.006130268199233717,0.2710938543835183,-0.24074074074074073,-0.12666666666666668,True,1.0
O2,uniform neighbor weights,30,0.05210727969348659,0.06321839080459771,-0.01111111111111111,-0.02337164750957854,0.0003831417624521073,0.1009562936238665,-0.3723076923076923,-0.20555555555555555,True,1.0
O2,φ = 0.7,30,0.06015325670498084,0.06321839080459771,-0.0030651340996168588,-0.01800766283524904,0.011877394636015327,0.6804278470733423,-0.08866995073891626,-0.056666666666666664,False,
O2,φ = 0.8,30,0.04942528735632185,0.06321839080459771,-0.013793103448275862,-0.027969348659003832,0.0003831417624521068,0.0691452866078864,-0.3916256157635468,-0.2633333333333333,True,1.0
O2,φ = 0.9,30,0.050574712643678174,0.06321839080459771,-0.012643678160919542,-0.02681992337164751,0.0019157088122605354,0.11198723976755501,-0.34236453201970446,-0.2411111111111111,True,1.0
O3,P = 20,30,0.017241379310344824,0.02567049808429118,-0.008429118773946361,-0.014942528735632184,-0.0019157088122605363,0.025164702826916317,-0.5253623188405797,-0.3522222222222222,True,0.8807645989420712
O3,P = 5,30,0.021072796934865898,0.02567049808429118,-0.004597701149425287,-0.01111111111111111,0.0019157088122605363,0.23996654569423637,-0.3,-0.22111111111111112,True,1.0
O3,centrality = PageRank,30,0.026053639846743294,0.02567049808429118,0.0003831417624521073,-0.0034482758620689655,0.004597701149425287,0.8709208743535651,0.05128205128205128,0.044444444444444446,True,1.0
O3,centrality = degree,30,0.022988505747126433,0.02567049808429118,-0.0026819923371647508,-0.006513409961685823,0.0015325670498084292,0.1491813479149696,-0.41904761904761906,-0.08333333333333333,True,1.0
O3,elite off,30,0.02337164750957854,0.02567049808429118,-0.0022988505747126436,-0.008812260536398468,0.0034482758620689655,0.6370919084453871,-0.11428571428571428,-0.08888888888888889,True,1.0
O3,"geometry-only embedding, topology (a) MOFGalaxyNet",30,0.014559386973180074,0.02567049808429118,-0.011111111111111112,-0.017241379310344824,-0.005363984674329501,0.002384552137629609,-0.7065217391304348,-0.5266666666666666,False,
O3,"geometry-only embedding, topology (c) degree-preserving random",30,0.009578544061302681,0.02567049808429118,-0.016091954022988506,-0.020306513409961688,-0.011877394636015327,7.763407112372692e-06,-1.0,-0.6588888888888889,False,
O3,h = 1,30,0.02030651340996168,0.02567049808429118,-0.0053639846743295016,-0.011877394636015325,0.0007662835249042146,0.15206407190423293,-0.35714285714285715,-0.18555555555555556,True,1.0
O3,mutation off,30,0.020306513409961684,0.02567049808429118,-0.0053639846743295016,-0.011877394636015325,0.0007662835249042146,0.1401073864213107,-0.37894736842105264,-0.20666666666666667,True,1.0
O3,no neighbor term (α=β=0),30,0.021072796934865898,0.02567049808429118,-0.004597701149425287,-0.01264367816091954,0.0030651340996168583,0.38433825815970957,-0.2,-0.14333333333333334,True,1.0
O3,sync off,30,0.021455938697318003,0.02567049808429118,-0.004214559386973181,-0.010344827586206895,0.0007662835249042146,0.17298970944016634,-0.4,-0.14777777777777779,True,1.0
O3,topology (a) MOFGalaxyNet,30,0.01877394636015325,0.02567049808429118,-0.006896551724137929,-0.013409961685823753,-0.0007662835249042146,0.06610771897635923,-0.41333333333333333,-0.26,True,1.0
O3,topology (b) +ρ=0.05,30,0.02183908045977011,0.02567049808429118,-0.0038314176245210726,-0.010344827586206895,0.0019157088122605363,0.3252828350344915,-0.24736842105263157,-0.15,True,1.0
O3,topology (b) +ρ=0.10,30,0.02567049808429118,0.02567049808429118,0.0,0.0,0.0,1.0,0.0,0.0,False,
O3,topology (b) +ρ=0.20,30,0.018773946360153258,0.02567049808429118,-0.006896551724137931,-0.01379310344827586,-0.0003831417624521073,0.05410515167753687,-0.44565217391304346,-0.2788888888888889,True,1.0
O3,topology (c) degree-preserving random,30,0.019157088122605363,0.02567049808429118,-0.006513409961685823,-0.011877394636015325,-0.0015325670498084292,0.026768814262904454,-0.5138339920948617,-0.2511111111111111,True,0.9101396849387514
O3,topology (d) Watts–Strogatz,30,0.024904214559386968,0.02567049808429118,-0.0007662835249042146,-0.005747126436781607,0.003831417624521073,1.0,0.0,-0.0022222222222222222,True,1.0
O3,uniform mutation,30,0.021072796934865898,0.02567049808429118,-0.004597701149425287,-0.010727969348659003,0.0015325670498084292,0.1714833193930262,-0.37254901960784315,-0.1711111111111111,True,1.0
O3,uniform neighbor weights,30,0.01877394636015325,0.02567049808429118,-0.006896551724137931,-0.013026819923371647,-0.0015325670498084292,0.022367034288002595,-0.6176470588235294,-0.26,True,0.8052132343680934
O3,φ = 0.7,30,0.01877394636015325,0.02567049808429118,-0.006896551724137929,-0.013409961685823753,-0.0007662835249042146,0.06610771897635923,-0.41333333333333333,-0.26,False,
O3,φ = 0.8,30,0.017624521072796932,0.02567049808429118,-0.008045977011494253,-0.014942528735632184,-0.0015325670498084292,0.04739916632833485,-0.45652173913043476,-0.3,True,1.0
O3,φ = 0.9,30,0.01954022988505747,0.02567049808429118,-0.006130268199233717,-0.013409961685823753,0.0007662835249042146,0.15729920705028505,-0.32,-0.21777777777777776,True,1.0
