method,objective,early_median_percentile,late_median_percentile,change_late_minus_early,p_wilcoxon_change
cmaes,O1,0.7308248054884826,0.6157084818519797,-0.115116323636503,0.00031275488436222076
cmaes,O2,0.6294086083323751,0.17526733356329768,-0.45414127476907745,1.862645149230957e-09
cmaes,O3,0.6553869150281706,0.4082269748189031,-0.2471599402092676,9.98377799987793e-07
cmaes,O4,0.7241494059837035,0.7438950052870561,0.01974559930335262,0.3876466201224624
de,O1,0.5964317197501054,0.6069142616227818,0.010482541872676412,0.8235769439488649
de,O2,0.26783373577095554,0.09250699474914723,-0.17532674102180826,1.0244548320770264e-07
de,O3,0.4733643785213292,0.4242420758115825,-0.049122302709746664,0.31839608028531075
de,O4,0.5266187721589849,0.5955993033526156,0.06898053119363065,0.07672121562063694
ensemble_ts,O1,0.7587405618795753,0.7685312943160477,0.009790732436472355,0.871207794174552
ensemble_ts,O2,0.37867655513395426,0.1241845847227013,-0.25449197041125293,9.98377799987793e-07
ensemble_ts,O3,0.6312119121536163,0.6855716530604423,0.05435974090682611,0.6554384250193834
ensemble_ts,O4,0.7364682465634136,0.7401318653977732,0.003663618834359628,0.7151329666376114
ga,O1,0.4257751715150818,0.4850465677819938,0.05927139626691196,0.34406258444872884
ga,O2,0.2544268138438542,0.1688110842819363,-0.0856157295619179,5.144625902175903e-06
ga,O3,0.3256295274232494,0.32282396228584564,-0.0028055651374037077,0.7151329666376114
ga,O4,0.5470112583193382,0.5823847732785967,0.035373514959258556,0.25343610532581806
gp_ei,O1,0.843469012303093,0.8731267486872869,0.0296577363841938,0.5027610473334789
gp_ei,O2,0.7345483116783564,0.5679468015790886,-0.1666015100992679,0.001038169488310814
gp_ei,O3,0.7857479590663448,0.7247422482848492,-0.061005710781495526,0.036434996873140335
gp_ei,O4,0.7898675125956335,0.7992660322199415,0.009398519624308013,0.9507964443893626
graph_social,O1,0.2318347322831628,0.2587367291403166,0.026901996857153814,0.338741784915328
graph_social,O2,0.2015388448123874,0.05191253689011536,-0.14962630792227205,7.910653948783875e-05
graph_social,O3,0.20964125560538116,0.09251657659729409,-0.1171246790080871,0.0029870010912418365
graph_social,O4,0.34566461404490884,0.3773993904335386,0.03173477638862972,0.7000329215079546
greedy_walk,O1,0.44143191138706833,0.3114158138821816,-0.13001609750488677,0.017897082542391977
greedy_walk,O2,0.3111954313748036,0.23757425932313822,-0.07362117205166532,0.006653403202997279
greedy_walk,O3,0.3375416810394389,0.29595262734276184,-0.04158905369667701,0.28936620615422726
greedy_walk,O4,0.5201312433911799,0.2991789512968837,-0.2209522920942962,8.686999312548624e-05
pso,O1,0.5836514506918093,0.6692441838181747,0.08559273312636542,0.023410143330693245
pso,O2,0.32471350274040855,0.25967383388908055,-0.06503966885132806,0.01453801617026329
pso,O3,0.46760952052431876,0.5122398528228125,0.04463033229849372,0.4521643426269293
pso,O4,0.6009578901536357,0.6742551471045594,0.07329725695092365,0.08406547829508781
random,O1,0.4928385266950289,0.4774136675481967,-0.015424859146832249,0.338741784915328
random,O2,0.4928385266950289,0.4774136675481967,-0.015424859146832249,0.338741784915328
random,O3,0.4928385266950289,0.4774136675481967,-0.015424859146832249,0.338741784915328
random,O4,0.5044193568451826,0.4946942837594078,-0.009725073085774723,0.7000329215079546
social_ws,O1,0.07172588248821433,0.20760032195009773,0.13587443946188343,3.5390257835388184e-08
social_ws,O2,0.023151661492468667,0.08059675750258709,0.05744509601011845,4.6566128730773926e-08
social_ws,O3,0.03400981181250239,0.10995937296385726,0.07594956115135486,4.726468800913319e-06
social_ws,O4,0.09686819680288611,0.27097406232506066,0.17410586552217452,3.1478703022003174e-07
static_diverse,O1,0.9784044306465831,0.8777950251044422,-0.10060940554214096,1.862645149230957e-09
static_diverse,O2,0.9784044306465831,0.8777950251044422,-0.10060940554214096,1.862645149230957e-09
static_diverse,O3,0.9784044306465831,0.8777950251044422,-0.10060940554214096,1.862645149230957e-09
static_diverse,O4,0.9781924488399577,0.8715929588853641,-0.10659948995459351,1.7333066441991056e-06
