objective,budget_frac,method,N_mean,budget_mean,hits_K_mean,final_recall_mean,final_recall_sd,hit_share_innermost_quarter,runs
O1,0.02,centroid_policy_with_init,6065.0,122.0,61.0,0.001092896174863388,0.0041591497000403686,0.060109289617486336,30
O1,0.02,cmaes,6065.0,122.0,61.0,0.10382513661202185,0.07208145332389572,0.060109289617486336,30
O1,0.02,ensemble_ts,6065.0,122.0,61.0,0.18524590163934426,0.10746881583529201,0.060109289617486336,30
O1,0.02,graph_social,6065.0,122.0,61.0,0.024590163934426233,0.023873094871428684,0.060109289617486336,30
O1,0.02,random,6065.0,122.0,61.0,0.020218579234972677,0.014715314474923165,0.060109289617486336,30
O1,0.05,centroid_policy_with_init,6065.0,304.0,61.0,0.001092896174863388,0.0041591497000403686,0.060109289617486336,30
O1,0.05,cmaes,6065.0,304.0,61.0,0.21584699453551912,0.12611039826384704,0.060109289617486336,30
O1,0.05,ensemble_ts,6065.0,304.0,61.0,0.5967213114754099,0.10418056247997177,0.060109289617486336,30
O1,0.05,graph_social,6065.0,304.0,61.0,0.08743169398907104,0.04877035325133557,0.060109289617486336,30
O1,0.05,random,6065.0,304.0,61.0,0.046994535519125684,0.02386662432113463,0.060109289617486336,30
O2,0.02,centroid_policy_with_init,6065.0,122.0,61.0,0.0726775956284153,0.012686137093896177,0.42950819672131146,30
O2,0.02,cmaes,6065.0,122.0,61.0,0.033879781420765025,0.025078376926460907,0.42950819672131146,30
O2,0.02,ensemble_ts,6065.0,122.0,61.0,0.060109289617486336,0.05451274790408912,0.42950819672131146,30
O2,0.02,graph_social,6065.0,122.0,61.0,0.05792349726775956,0.03126286506136381,0.42950819672131146,30
O2,0.02,random,6065.0,122.0,61.0,0.023497267759562842,0.01758440093701823,0.42950819672131146,30
O2,0.05,centroid_policy_with_init,6065.0,304.0,61.0,0.11256830601092897,0.015954167397430434,0.42950819672131146,30
O2,0.05,cmaes,6065.0,304.0,61.0,0.1355191256830601,0.03701743371722359,0.42950819672131146,30
O2,0.05,ensemble_ts,6065.0,304.0,61.0,0.1644808743169399,0.06564204096369507,0.42950819672131146,30
O2,0.05,graph_social,6065.0,304.0,61.0,0.12404371584699453,0.041446416429243405,0.42950819672131146,30
O2,0.05,random,6065.0,304.0,61.0,0.058469945355191254,0.026427788337828988,0.42950819672131146,30
O3,0.02,centroid_policy_with_init,6065.0,122.0,61.0,0.018579234972677598,0.007117581728775487,0.19453551912568307,30
O3,0.02,cmaes,6065.0,122.0,61.0,0.023497267759562842,0.020046990610356755,0.19453551912568307,30
O3,0.02,ensemble_ts,6065.0,122.0,61.0,0.049180327868852465,0.03134181181600704,0.19453551912568307,30
O3,0.02,graph_social,6065.0,122.0,61.0,0.021857923497267763,0.018433460865114902,0.19453551912568307,30
O3,0.02,random,6065.0,122.0,61.0,0.022950819672131147,0.015281691793422918,0.19453551912568307,30
O3,0.05,centroid_policy_with_init,6065.0,304.0,61.0,0.023497267759562842,0.009316734051736648,0.19453551912568307,30
O3,0.05,cmaes,6065.0,304.0,61.0,0.05683060109289618,0.03382564040838408,0.19453551912568307,30
O3,0.05,ensemble_ts,6065.0,304.0,61.0,0.13442622950819672,0.050463751173179354,0.19453551912568307,30
O3,0.05,graph_social,6065.0,304.0,61.0,0.04972677595628416,0.02705160697384802,0.19453551912568307,30
O3,0.05,random,6065.0,304.0,61.0,0.05027322404371584,0.029177638907023733,0.19453551912568307,30
O4,0.02,centroid_policy_with_init,3713.1666666666665,74.96666666666667,37.96666666666667,0.0008771929824561403,0.004804583837764615,0.05796586059743954,30
O4,0.02,cmaes,3713.1666666666665,74.96666666666667,37.96666666666667,0.048316737790422,0.046963944314873815,0.05796586059743954,30
O4,0.02,ensemble_ts,3713.1666666666665,74.96666666666667,37.96666666666667,0.1385964912280702,0.10727063385581141,0.05796586059743954,30
O4,0.02,graph_social,3713.1666666666665,74.96666666666667,37.96666666666667,0.021929824561403508,0.02938810928420342,0.05796586059743954,30
O4,0.02,random,3713.1666666666665,74.96666666666667,37.96666666666667,0.015789473684210527,0.024531136826284158,0.05796586059743954,30
O4,0.05,centroid_policy_with_init,3713.1666666666665,186.1,37.96666666666667,0.0008771929824561403,0.004804583837764615,0.05796586059743954,30
O4,0.05,cmaes,3713.1666666666665,186.1,37.96666666666667,0.11588430535798956,0.07926807384584239,0.05796586059743954,30
O4,0.05,ensemble_ts,3713.1666666666665,186.1,37.96666666666667,0.46180654338549076,0.13935126658631836,0.05796586059743954,30
O4,0.05,graph_social,3713.1666666666665,186.1,37.96666666666667,0.06669037458511143,0.062079513005738274,0.05796586059743954,30
O4,0.05,random,3713.1666666666665,186.1,37.96666666666667,0.05265528686581318,0.03907745848216982,0.05796586059743954,30
