objective,budget_frac,method,n_pairs,mean_A,mean_B,mean_diff,ci95_lo,ci95_hi,p_wilcoxon,r_rb,cliffs_delta
O1,0.02,centroid_policy_with_init,30,0.001092896174863388,0.02295081967213115,-0.021857923497267763,-0.03387978142076502,-0.013114754098360656,6.062100059978309e-05,-1.0,-0.6533333333333333
O1,0.02,cmaes,30,0.10382513661202185,0.02295081967213115,0.08087431693989071,0.05628415300546448,0.10491803278688525,2.1716500727019666e-05,0.9011494252873563,0.6277777777777778
O1,0.02,ensemble_ts,30,0.1852459016393443,0.02295081967213115,0.16229508196721312,0.12894808743169398,0.1967213114754099,1.7105279932400781e-06,1.0,0.9233333333333333
O1,0.02,random,30,0.020218579234972677,0.02295081967213115,-0.0027322404371584704,-0.014207650273224046,0.006557377049180326,0.9332094471614315,0.021052631578947368,0.08444444444444445
O1,0.05,centroid_policy_with_init,30,0.001092896174863388,0.08797814207650272,-0.08688524590163933,-0.10491803278688525,-0.06939890710382514,2.4796595280290273e-06,-1.0,-0.9577777777777777
O1,0.05,cmaes,30,0.21584699453551914,0.08797814207650272,0.12786885245901639,0.08852459016393444,0.16775956284153004,1.749169273699485e-05,0.9126436781609195,0.6088888888888889
O1,0.05,ensemble_ts,30,0.5967213114754099,0.08797814207650272,0.5087431693989072,0.46282786885245897,0.5508196721311476,1.7191759138770554e-06,1.0,1.0
O1,0.05,random,30,0.046994535519125684,0.08797814207650272,-0.04098360655737705,-0.05901639344262295,-0.02240437158469946,0.0006121313940032506,-0.7815384615384615,-0.49777777777777776
O2,0.02,centroid_policy_with_init,30,0.0726775956284153,0.060655737704918035,0.012021857923497269,0.002185792349726777,0.021311475409836068,0.02393428900445611,0.5666666666666667,0.29
O2,0.02,cmaes,30,0.033879781420765025,0.060655737704918035,-0.026775956284153007,-0.04043715846994535,-0.01366120218579235,0.0008150474418408207,-0.76,-0.4988888888888889
O2,0.02,ensemble_ts,30,0.06010928961748634,0.060655737704918035,-0.0005464480874316955,-0.023497267759562842,0.02404371584699453,0.8849525719387284,-0.031746031746031744,-0.07888888888888888
O2,0.02,random,30,0.023497267759562845,0.060655737704918035,-0.03715846994535519,-0.04919398907103826,-0.025136612021857917,4.37033327335711e-05,-0.9116809116809117,-0.6955555555555556
O2,0.05,centroid_policy_with_init,30,0.11256830601092897,0.119672131147541,-0.007103825136612024,-0.020218579234972684,0.0060109289617486334,0.31899412987442544,-0.23550724637681159,-0.18222222222222223
O2,0.05,cmaes,30,0.1355191256830601,0.119672131147541,0.015846994535519122,-0.002732240437158475,0.03387978142076502,0.11090553216504438,0.3561253561253561,0.21222222222222223
O2,0.05,ensemble_ts,30,0.16448087431693992,0.119672131147541,0.04480874316939891,0.018579234972677598,0.0726775956284153,0.0065258070901920906,0.6333333333333333,0.45555555555555555
O2,0.05,random,30,0.05846994535519127,0.119672131147541,-0.06120218579234974,-0.07923497267759562,-0.042622950819672135,2.6801395279451172e-05,-0.9064039408866995,-0.8133333333333334
O3,0.02,centroid_policy_with_init,30,0.0185792349726776,0.021857923497267763,-0.0032786885245901635,-0.008743169398907102,0.0021857923497267764,0.24176021709923112,-0.28421052631578947,-0.06444444444444444
O3,0.02,cmaes,30,0.023497267759562845,0.021857923497267763,0.0016393442622950824,-0.005464480874316938,0.008743169398907102,0.7332920789486426,0.07905138339920949,0.027777777777777776
O3,0.02,ensemble_ts,30,0.049180327868852465,0.021857923497267763,0.027322404371584695,0.015300546448087432,0.03989071038251367,0.00040008696365910734,0.82,0.5333333333333333
O3,0.02,random,30,0.02295081967213115,0.021857923497267763,0.001092896174863389,-0.0071038251366120206,0.009289617486338797,0.8510167705846251,0.043478260869565216,0.06111111111111111
O3,0.05,centroid_policy_with_init,30,0.023497267759562845,0.04918032786885247,-0.025683060109289616,-0.035519125683060114,-0.016939890710382512,4.4480018039477865e-05,-0.94,-0.6433333333333333
O3,0.05,cmaes,30,0.056830601092896185,0.04918032786885247,0.007650273224043716,-0.006557377049180328,0.021857923497267763,0.31098202589625445,0.23333333333333334,0.09666666666666666
O3,0.05,ensemble_ts,30,0.13442622950819674,0.04918032786885247,0.08524590163934426,0.06721311475409836,0.10382513661202183,2.7191159713502214e-06,0.978494623655914,0.8866666666666667
O3,0.05,random,30,0.050273224043715856,0.04918032786885247,0.0010928961748633882,-0.011475409836065573,0.01366120218579235,0.9538900723588793,-0.013333333333333334,-0.03222222222222222
O4,0.02,centroid_policy_with_init,30,0.0008771929824561403,0.02192982456140351,-0.021052631578947368,-0.03070175438596491,-0.012280701754385963,0.0007962301575908117,-1.0,-0.4411111111111111
O4,0.02,cmaes,30,0.048316737790422004,0.02192982456140351,0.02638691322901849,0.007894736842105263,0.04582740635372215,0.015387069640390367,0.5849802371541502,0.31333333333333335
O4,0.02,ensemble_ts,30,0.1385964912280702,0.02192982456140351,0.11666666666666667,0.08070175438596491,0.15263157894736842,3.019354449661562e-05,0.9344729344729344,0.6466666666666666
O4,0.02,random,30,0.015789473684210527,0.02192982456140351,-0.0061403508771929825,-0.020175438596491225,0.007894736842105263,0.3903970680084393,-0.21428571428571427,-0.1111111111111111
O4,0.05,centroid_policy_with_init,30,0.0008771929824561403,0.06318160265528687,-0.06230440967283073,-0.08421052631578947,-0.04298245614035088,1.664194926845276e-05,-1.0,-0.7855555555555556
O4,0.05,cmaes,30,0.11588430535798958,0.06318160265528687,0.052702702702702706,0.022807017543859654,0.08421052631578947,0.003376714072575431,0.6552706552706553,0.3811111111111111
O4,0.05,ensemble_ts,30,0.4618065433854907,0.06318160265528687,0.3986249407302039,0.3533902323376008,0.44198672356567087,2.4579091343686894e-06,1.0,0.9511111111111111
O4,0.05,random,30,0.05265528686581318,0.06318160265528687,-0.010526315789473684,-0.03859649122807018,0.017543859649122803,0.4596767429505475,-0.16615384615384615,-0.04111111111111111
