objective,budget_frac,method,budget,N,hits_K,final_recall_mean,final_recall_sd,ef_mean,ef_sd,recall_auc_mean,recall_auc_sd,coverage_mean,coverage_sd,regret_mean_eV,regret_sd_eV,runs
O1,0.005,cmaes,44,8697,87,0.013026819923371647,0.019027172110222236,2.574869383490073,3.7608935418773357,0.003639846743295019,0.0064908636973375795,0.018604651162790697,0.02547546779093796,1.2500001,0.5968443743852039,30
O1,0.005,de,44,8697,87,0.01264367816091954,0.022457197523550243,2.4991379310344826,4.438869246870828,0.0033960292580982234,0.006844174468028427,0.01317829457364341,0.01996185666657151,1.5399494,0.4992033368789474,30
O1,0.005,ensemble_ts,44,8697,87,0.031417624521072794,0.03583468640328097,6.209979101358411,7.083051537484876,0.00987460815047022,0.01277168870652099,0.03488372093023256,0.03548006704992612,1.1824824666666667,0.7221378396443358,30
O1,0.005,ga,44,8697,87,0.014176245210727969,0.025556762810833623,2.802063740856844,5.051526503768637,0.004554162312783003,0.008610087320317724,0.02248062015503876,0.03739096259755926,1.4248677666666665,0.47340755361721915,30
O1,0.005,gp_ei,44,8697,87,0.011877394636015327,0.01823240678454764,2.347675026123302,3.603800950118427,0.004580285614768374,0.008503396892351672,0.018604651162790697,0.02758434189253401,1.3120272666666668,0.4921529054849781,30
O1,0.005,graph_social,44,8697,87,0.00574712643678161,0.011592917798025893,1.1359717868338557,2.291445592941618,0.0024555903866248694,0.005579929206959096,0.009302325581395349,0.01683659787908351,1.6136343333333332,0.4968104452626695,30
O1,0.005,greedy_walk,44,8697,87,0.006130268199233717,0.014705375401137748,1.211703239289446,2.906651133265795,0.0029606408916753747,0.007256492791542471,0.005426356589147288,0.011721091464970485,2.0793646666666663,0.6733075056413077,30
O1,0.005,pso,44,8697,87,0.03524904214559387,0.03621407843678921,6.967293625914315,7.158041821926266,0.012042842215256007,0.015489332317510133,0.03875968992248062,0.03681291134311246,1.2061261333333333,0.6404501816251102,30
O1,0.005,random,44,8697,87,0.004214559386973181,0.006391418583534891,0.8330459770114942,1.263321986840976,0.0027603622431208634,0.004989049945667926,0.008527131782945736,0.012931474808547339,1.5425029333333333,0.4647023206757672,30
O1,0.005,social_ws,44,8697,87,0.008045977011494253,0.01213062031364651,1.590360501567398,2.3977273833587196,0.002725531173807036,0.005435120523989917,0.010852713178294575,0.014623493600694338,1.7349233666666666,0.6848550627297108,30
O1,0.005,static_diverse,44,8697,87,0.0011494252873563218,0.0046273321831775726,0.22719435736677113,0.9146342726612577,0.001132009752699408,0.0045425095860849906,0.002325581395348837,0.009362276742708111,1.5551466666666667,0.14719989788633397,30
O1,0.01,cmaes,87,8697,87,0.04176245210727969,0.034081872822537565,4.174805126172545,3.4070120452598753,0.011274056458360856,0.012450991947891146,0.053488372093023255,0.05078595640427485,0.7348244333333332,0.6487901541609999,30
O1,0.01,de,87,8697,87,0.04367816091954023,0.04926787790755219,4.366309948474038,4.925088898413579,0.01259523494957502,0.015560935869342693,0.04883720930232558,0.051587505956191604,1.0529080999999998,0.44267606297337836,30
O1,0.01,ensemble_ts,87,8697,87,0.09923371647509578,0.07585386120057452,9.919949795217333,7.5827704696712255,0.036341216364997576,0.034412892356702564,0.10620155038759689,0.07693309435117295,0.6500501666666666,0.5530865541038659,30
O1,0.01,ga,87,8697,87,0.04597701149425288,0.05533072807487959,4.59611573523583,5.5311648513474445,0.016972739683797946,0.02366207754570356,0.05193798449612403,0.06188672809960265,1.1247240999999997,0.48144145908900315,30
O1,0.01,gp_ei,87,8697,87,0.05095785440613027,0.04412473103803513,5.0940282732197115,4.410951561353926,0.018566961729863038,0.020000274450882278,0.06666666666666667,0.050999715809019804,0.7174007999999998,0.5284470978199922,30
O1,0.01,graph_social,87,8697,87,0.012260536398467433,0.02089852148081606,1.2256308627295547,2.0891315094098535,0.004307041881358171,0.007071623061940399,0.017829457364341085,0.027775239269903263,1.4491759333333332,0.4718039229996477,30
O1,0.01,greedy_walk,87,8697,87,0.008812260536398468,0.021489649451263554,0.8809221825868675,2.148223922731484,0.005588585017835909,0.012820955828125164,0.005426356589147288,0.011721091464970485,2.020829866666667,0.6713435225048009,30
O1,0.01,pso,87,8697,87,0.08199233716475095,0.053720943546452564,8.196406394503898,5.370241908316069,0.035354736424891,0.029156974512565176,0.08604651162790698,0.06351273359019485,0.8261990999999999,0.3924740620915538,30
O1,0.01,random,87,8697,87,0.009195402298850575,0.008748556265602154,0.9192231470471659,0.8745539522062289,0.0046725679305940895,0.005292280646988403,0.017829457364341085,0.016928652134758283,1.2661061999999998,0.5244378177505166,30
O1,0.01,social_ws,87,8697,87,0.009195402298850575,0.013295283770896112,0.919223147047166,1.3290699190285458,0.00475183864006694,0.007621603095797573,0.011627906976744186,0.015867168353977047,1.5894443333333332,0.6459593576374083,30
O1,0.01,static_diverse,87,8697,87,0.008812260536398468,0.009393105220193985,0.8809221825868673,0.9389866218393915,0.0017703791782269784,0.004618928201160385,0.017829457364341085,0.01900465474783434,1.370807033333333,0.23305815884474498,30
O1,0.02,cmaes,174,8697,87,0.08275862068965517,0.06218482749149372,4.1365041617122476,3.108169222376557,0.03380675562601841,0.029227347185963065,0.11550387596899224,0.10515929979081312,0.6020238666666665,0.5798359434164433,30
O1,0.02,de,174,8697,87,0.1053639846743295,0.07516605813064291,5.266382613291055,3.757006940012651,0.04388294358567843,0.03800629998126082,0.11317829457364342,0.07766892818816407,0.7402773999999999,0.4850642777447555,30
O1,0.02,ensemble_ts,174,8697,87,0.24942528735632183,0.10147633907487605,12.46696393182719,5.072067361690788,0.10714096974501255,0.057412090744632965,0.2565891472868217,0.10391047394775739,0.20153666666666664,0.318967373729377,30
O1,0.02,ga,174,8697,87,0.08773946360153256,0.08135974410097625,4.385460430704188,4.066584450840174,0.041449773197692344,0.04284018943817017,0.09612403100775194,0.08844662651300847,0.8424851333333332,0.522645214740972,30
O1,0.02,gp_ei,174,8697,87,0.14559386973180077,0.06355678777273228,7.2771832474567315,3.176743581950877,0.05966221869907959,0.033673066140360246,0.1945736434108527,0.07856419654648387,0.2909601333333332,0.37862508042760334,30
O1,0.02,graph_social,174,8697,87,0.027586206896551724,0.024448299993596493,1.378834720570749,1.2219934772661418,0.010274364733342142,0.00959940309098128,0.034108527131782945,0.028471523966366066,1.0684460666666666,0.49354169522753033,30
O1,0.02,greedy_walk,174,8697,87,0.012643678160919542,0.03433048688732871,0.6319659135949267,1.7159324394201019,0.00821552825120007,0.019928811592103978,0.005426356589147288,0.011721091464970485,1.9426051999999998,0.6214000960261181,30
O1,0.02,pso,174,8697,87,0.16168582375478927,0.09743538652231158,8.081503501123002,4.870089405658298,0.08168186021931564,0.04993346194395864,0.1744186046511628,0.10341874341450445,0.6165514,0.4501449868515239,30
O1,0.02,random,174,8697,87,0.021839080459770115,0.017168560719459873,1.0915774871185095,0.8581320263054167,0.010274364733342142,0.007830041204722304,0.04186046511627907,0.03311472924659772,1.0102084,0.42244232480272503,30
O1,0.02,social_ws,174,8697,87,0.0210727969348659,0.03362431705427789,1.053276522658211,1.6806361231095102,0.008506187519267187,0.013580196541221407,0.02868217054263566,0.05277878521800196,1.3690557333333333,0.7832028634270123,30
O1,0.02,static_diverse,174,8697,87,0.0318007662835249,0.00889487773250192,1.5894900251023913,0.44459052666419074,0.01340115382921566,0.00537983507194391,0.06434108527131782,0.01799661308668993,1.1376837666666664,0.22402728571048156,30
O1,0.05,cmaes,435,8697,87,0.1743295019157088,0.1278550987869986,3.485387765887171,2.556220216437992,0.0844312326595323,0.061970967477083125,0.23255813953488372,0.18352338815966712,0.39006843333333324,0.48642621178172846,30
O1,0.05,de,435,8697,87,0.26015325670498085,0.14389546257356334,5.201270973708548,2.8769168689707585,0.13319769234156867,0.07821945681615723,0.26434108527131783,0.1518838312956156,0.3699066999999999,0.4214337292140387,30
O1,0.05,ensemble_ts,435,8697,87,0.5961685823754789,0.0643687597839586,11.91926014004492,1.2869312731979037,0.31280574272250844,0.06608843609687254,0.6093023255813954,0.051965705337723316,0.0,0.0,30
O1,0.05,ga,435,8697,87,0.18275862068965518,0.11412112368812853,3.6539120095124846,2.2816354315302383,0.10045977011494253,0.07246150492818672,0.18372093023255814,0.11365934247205528,0.5132216999999998,0.4264012481322023,30
O1,0.05,gp_ei,435,8697,87,0.4651340996168582,0.06415607928108244,9.299474170960497,1.2826791299024691,0.20773505967322853,0.0470434743744499,0.5162790697674419,0.05338192399320708,0.01648773333333334,0.07818819196631244,30
O1,0.05,graph_social,435,8697,87,0.08850574712643679,0.05358650122778565,1.7695045580657944,1.0713604624782798,0.02990091161315894,0.022511990206534545,0.11937984496124031,0.08587910052872735,0.6500629666666665,0.5447747829224845,30
O1,0.05,greedy_walk,435,8697,87,0.016091954022988506,0.04691861798515425,0.3217281014665081,0.9380487830273253,0.012830404721011142,0.035405485584721855,0.005426356589147288,0.011721091464970485,1.8464253,0.5435902874046142,30
O1,0.05,pso,435,8697,87,0.3222222222222222,0.10247409063566036,6.442222222222222,2.0487750948467545,0.18411150746465849,0.07048193984147004,0.3472868217054264,0.11473446166186516,0.33179230000000004,0.3056865700165663,30
O1,0.05,random,435,8697,87,0.05172413793103448,0.023332737819172653,1.0341260404280617,0.46649384095021734,0.027495485973488352,0.014660362475568452,0.09534883720930233,0.037324400973622614,0.6109125333333333,0.4035260408552668,30
O1,0.05,social_ws,435,8697,87,0.029501915708812262,0.0517292755922321,0.5898348526885983,1.0342287582198677,0.01216981547540406,0.020494809120807568,0.040310077519379844,0.08260264753103427,1.2376489,0.5194242679590383,30
O1,0.05,static_diverse,435,8697,87,0.07471264367816091,0.012717329533994806,1.4937376139516447,0.25425888495897203,0.037159466243889556,0.007763225493343831,0.13410852713178295,0.0249453129571654,0.5611372999999996,0.14636063799517668,30
O2,0.005,cmaes,44,8697,87,0.0053639846743295016,0.009417324698007885,1.0602403343782651,1.8614198386039678,0.0015935214211076278,0.0031901203323184166,0.006010928961748634,0.010961887466547079,0.17418619999999999,0.1438324160751935,30
O2,0.005,de,44,8697,87,0.013026819923371647,0.01340901795369367,2.574869383490073,2.650414298710769,0.004249390456287008,0.005254720810855764,0.01475409836065574,0.013850209376435559,0.09369786666666666,0.1215012159997993,30
O2,0.005,ensemble_ts,44,8697,87,0.013409961685823755,0.017097652576617644,2.6506008359456628,3.3795064649737188,0.005555555555555554,0.007966516714101533,0.01475409836065574,0.01942085611416119,0.09059856666666666,0.10483431040412865,30
O2,0.005,ga,44,8697,87,0.009578544061302681,0.012105557021760223,1.8932863113897593,2.392773395869287,0.0032479972135144542,0.005190173415236315,0.012021857923497269,0.014871920316716986,0.10554983333333333,0.09917885004273264,30
O2,0.005,gp_ei,44,8697,87,0.0034482758620689655,0.005357374709188494,0.6815830721003134,1.058933814677553,0.0012626262626262625,0.002716618408200619,0.0049180327868852455,0.00764084589671146,0.13461336666666668,0.09566376810060194,30
O2,0.005,graph_social,44,8697,87,0.013026819923371647,0.01033968839330583,2.574869383490073,2.043733408104109,0.003787878787878787,0.00356389907964792,0.017486338797814208,0.014235163457550973,0.06028116666666667,0.08073768668842854,30
O2,0.005,greedy_walk,44,8697,87,0.009578544061302681,0.013186327699989833,1.8932863113897593,2.606397545609354,0.00357889237199582,0.006289884019036163,0.007650273224043716,0.00936633547087485,0.1328077,0.16257305226418403,30
O2,0.005,pso,44,8697,87,0.01839080459770115,0.018995220497232682,3.635109717868338,3.7545780151007415,0.006461163357715081,0.007989818118102244,0.01912568306010929,0.018307346767208688,0.07346536666666667,0.08287396138402947,30
O2,0.005,random,44,8697,87,0.004980842911877394,0.007196118569876926,0.9845088819226749,1.4223782545959003,0.002150818530128875,0.00398706701352989,0.007103825136612022,0.010263316648840863,0.1991701,0.15121565378175908,30
O2,0.005,social_ws,44,8697,87,0.025670498084291185,0.018529828604684693,5.074007314524555,3.6625890767032443,0.008585858585858586,0.007776019243861446,0.03278688524590164,0.02237010620396764,0.046715266666666665,0.11112912185968962,30
O2,0.005,static_diverse,44,8697,87,0.0019157088122605363,0.004356885307924732,0.3786572622779519,0.8611779891595771,0.0007924068268895854,0.0025257546474068697,0.0027322404371584704,0.006213918389991011,0.3886146666666666,0.2650937147475279,30
O2,0.01,cmaes,87,8697,87,0.010344827586206896,0.010169384708366765,1.0341260404280617,1.016587802398457,0.0035011230017175316,0.004136052029011202,0.012568306010928962,0.011933312160567316,0.09108483333333334,0.08420975119147357,30
O2,0.01,de,87,8697,87,0.029501915708812262,0.020624226781440415,2.9491742634429907,2.0617114979101983,0.011225613247016339,0.008536552209106563,0.03169398907103825,0.021496924711999685,0.020737533333333336,0.03498338420739622,30
O2,0.01,ensemble_ts,87,8697,87,0.03946360153256705,0.026945143009103226,3.944999339410754,2.6935851580479397,0.015382921566036904,0.0139416739363164,0.04316939890710383,0.03235536646382615,0.025009466666666667,0.038480236059865704,30
O2,0.01,ga,87,8697,87,0.026053639846743294,0.023172732551435902,2.6044655833003034,2.316474195400437,0.01027436473334214,0.011240259454221399,0.029508196721311476,0.024505223563398678,0.0483469,0.05626069813629013,30
O2,0.01,gp_ei,87,8697,87,0.013026819923371647,0.016734069926312784,1.3022327916501517,1.6728299557372677,0.004848725062755978,0.006954691436134859,0.018032786885245903,0.02251463077449964,0.0708069,0.0599113473302069,30
O2,0.01,graph_social,87,8697,87,0.033716475095785445,0.022372510603293257,3.370484872506275,2.236479594446453,0.012071167481393402,0.009640419698911603,0.04098360655737705,0.023481706145351746,0.018560533333333334,0.03327553803677383,30
O2,0.01,greedy_walk,87,8697,87,0.018773946360153258,0.01967460576393033,1.8767472585546305,1.966782141711518,0.009248249438499142,0.011007390738401044,0.012021857923497269,0.009562168540748766,0.0588652,0.06289730046583601,30
O2,0.01,pso,87,8697,87,0.033716475095785445,0.03207803964054123,3.370484872506275,3.2066978247561733,0.01613158937772493,0.016099446886276573,0.02950819672131148,0.025614612775189564,0.05126633333333333,0.07920294840007136,30
O2,0.01,random,87,8697,87,0.009961685823754788,0.011186255301646629,0.9958250759677632,1.1182397972232265,0.004879552560884307,0.005815559408449235,0.01366120218579235,0.014965097199594702,0.11641783333333332,0.11368186789975859,30
O2,0.01,social_ws,87,8697,87,0.033716475095785445,0.02413572896988533,3.370484872506275,2.41274063047233,0.01736468930285815,0.014473811748072947,0.03879781420765027,0.0229763781346867,0.05441303333333333,0.14545064525158455,30
O2,0.01,static_diverse,87,8697,87,0.008812260536398468,0.006532422725930292,0.8809221825868673,0.6530170166369627,0.00397674725855463,0.0037428682640848216,0.012568306010928962,0.009316734051736646,0.14924246666666668,0.1233372070197387,30
O2,0.02,cmaes,174,8697,87,0.03946360153256705,0.025197717630100043,1.9724996697053772,1.2594514380975865,0.012366230677764567,0.009058131491169094,0.05027322404371584,0.0313220937820855,0.021656233333333334,0.030123654037962435,30
O2,0.02,de,174,8697,87,0.07931034482758621,0.0321371609993387,3.9641498216409032,1.6063039609841878,0.03185361342317347,0.015609462583672993,0.07540983606557376,0.03062396517966598,0.007950633333333335,0.02448691921383859,30
O2,0.02,ensemble_ts,174,8697,87,0.09080459770114942,0.03750162296431946,4.538664288545382,1.8744345685096917,0.03980490597613071,0.020484582631629437,0.08907103825136613,0.0364498092547955,0.005864966666666666,0.016839286358626245,30
O2,0.02,ga,174,8697,87,0.05440613026819923,0.035579510930007684,2.719368476681199,1.778362106656763,0.02554278416347382,0.018745949174194865,0.05683060109289618,0.031850196268346787,0.020735933333333335,0.03104365038517187,30
O2,0.02,gp_ei,174,8697,87,0.03946360153256705,0.029060131059584455,1.9724996697053772,1.4525055162368163,0.014775179460078391,0.013818525811871525,0.05245901639344262,0.03713407683143226,0.034131,0.038588423316701675,30
O2,0.02,graph_social,174,8697,87,0.06704980842911877,0.033215357441433196,3.351334390276126,1.6601951934950832,0.027916501519355267,0.015238406509685413,0.06775956284153005,0.03155789706378781,0.0015196333333333332,0.004190092448024089,30
O2,0.02,greedy_walk,174,8697,87,0.02528735632183908,0.02246733850285398,1.2639318271898532,1.1229795572374774,0.015671378869952,0.01546799348032238,0.015846994535519125,0.014588819453511868,0.045542733333333335,0.05099979329162526,30
O2,0.02,pso,174,8697,87,0.06130268199233716,0.046795463287463056,3.0640771568238865,2.33896634604061,0.03178315057030871,0.02692939085164883,0.05245901639344262,0.0383615737208556,0.0168763,0.030281193138190804,30
O2,0.02,random,174,8697,87,0.02222222222222222,0.016788430881384403,1.110727969348659,0.8391320883643686,0.010100409565332277,0.009125145447213314,0.03114754098360656,0.023323311715946687,0.03977756666666667,0.051536378733984055,30
O2,0.02,social_ws,174,8697,87,0.057088122605363986,0.0304084377147729,2.8534218522922443,1.5198976023297697,0.02757739903994363,0.01802213587908206,0.059562841530054644,0.02935180380441101,0.042096333333333326,0.14362158439462708,30
O2,0.02,static_diverse,174,8697,87,0.009195402298850575,0.0070144500374566595,0.45961157352358295,0.35060156307908363,0.006423129431452858,0.0050670693034824184,0.013114754098360656,0.010004215627192286,0.09895990000000002,0.03196390338075878,30
O2,0.05,cmaes,435,8697,87,0.14482758620689656,0.03515010211479163,2.8955529131985727,0.7027596277984892,0.05961157352358304,0.017076021347528166,0.1469945355191257,0.029665847734663197,0.0014652333333333334,0.0016263012547693516,30
O2,0.05,de,435,8697,87,0.17509578544061305,0.041242930818978674,3.5007081516712906,0.8245741823739255,0.09081428634341833,0.025246741711977987,0.1453551912568306,0.029743840633433972,0.0011072333333333334,0.0025777823091435266,30
O2,0.05,ensemble_ts,435,8697,87,0.2149425287356322,0.05043308819596814,4.297368212445501,1.0083139495180111,0.10869863918615405,0.03542120829072899,0.2005464480874317,0.045902312304954104,0.0011298000000000002,0.0014821336065234496,30
O2,0.05,ga,435,8697,87,0.15862068965517243,0.04814545548539077,3.1713198573127226,0.9625770720837783,0.07308495177698508,0.027350906146450003,0.1431693989071038,0.03701743371722359,0.0027366,0.0055364047315676025,30
O2,0.05,gp_ei,435,8697,87,0.1632183908045977,0.03834851150120934,3.2632421720174394,0.7667057575310751,0.06632844497291585,0.022062914653762457,0.18032786885245902,0.03850624390260351,0.0028264333333333337,0.005735647741331722,30
O2,0.05,graph_social,435,8697,87,0.1528735632183908,0.0449904052470981,3.056416963931827,0.8994978262850855,0.06553397630686572,0.02687197602150817,0.12295081967213115,0.039632915132422675,0.0009200000000000001,0.002990837975067096,30
O2,0.05,greedy_walk,435,8697,87,0.05172413793103448,0.023136660915887862,1.0341260404280617,0.4625736551390269,0.030175716739331487,0.01871827277894561,0.03114754098360656,0.015129328149599806,0.017909500000000002,0.028803972437663094,30
O2,0.05,pso,435,8697,87,0.11455938697318008,0.058022197468288426,2.290397674725855,1.1600437962797803,0.06563262430087638,0.04261196728210298,0.11202185792349727,0.049101752442619925,0.0040221,0.010754066048516817,30
O2,0.05,random,435,8697,87,0.059003831417624525,0.02313337888722877,1.1796697053771963,0.46250803720052547,0.029263222794732903,0.015530823400740598,0.08306010928961749,0.03161657309287874,0.0104179,0.012844103279661866,30
O2,0.05,social_ws,435,8697,87,0.12950191570881225,0.05797899647595017,2.589145197516184,1.1591800743708933,0.06427004888360417,0.032439717521769024,0.11256830601092897,0.04320885584619334,0.0038067333333333337,0.009961736602286438,30
O2,0.05,static_diverse,435,8697,87,0.011877394636015327,0.007685921097234158,0.23746597965385122,0.1536654155922884,0.008832518606597084,0.005838600523862542,0.016939890710382512,0.010961887466547079,0.08719703333333334,0.006580791753451772,30
O3,0.005,cmaes,44,8697,87,0.004597701149425287,0.007143166278917993,0.9087774294670845,1.411911752903404,0.0018112156043190522,0.0032649142655107564,0.007692307692307693,0.011951066658958953,0.040277233333333294,0.04083049875351654,30
O3,0.005,de,44,8697,87,0.006130268199233717,0.008920450025992656,1.211703239289446,1.763208042637684,0.0023685127133402993,0.003458805555737513,0.008333333333333333,0.01092924571453722,0.03834043333333335,0.03693316430105205,30
O3,0.005,ensemble_ts,44,8697,87,0.008812260536398468,0.011566689443614385,1.7418234064785787,2.2862613202525974,0.003361198188784395,0.004844049727736246,0.010897435897435897,0.012039659914986397,0.022603800000000025,0.01937835567452191,30
O3,0.005,ga,44,8697,87,0.004597701149425287,0.007143166278917993,0.9087774294670846,1.411911752903404,0.0019157088122605359,0.003049819715547312,0.007051282051282052,0.010693334937837222,0.036990566666666676,0.02876484017072104,30
O3,0.005,gp_ei,44,8697,87,0.0053639846743295016,0.007227703733676511,1.0602403343782654,1.4286213493587414,0.001889585510275165,0.003054715353262646,0.008974358974358975,0.012092504323651087,0.0349978666666666,0.02986781421153401,30
O3,0.005,graph_social,44,8697,87,0.004980842911877394,0.007196118569876926,0.9845088819226749,1.4223782545959005,0.0022030651340996165,0.0035506245987472662,0.007692307692307693,0.010831573999520115,0.035553866666666635,0.0263083116533649,30
O3,0.005,greedy_walk,44,8697,87,0.004597701149425287,0.007143166278917993,0.9087774294670846,1.4119117529034042,0.0020637408568443044,0.0036374876550784754,0.007051282051282052,0.010693334937837223,0.05021593333333334,0.05335503135175844,30
O3,0.005,pso,44,8697,87,0.004597701149425287,0.008321536882765412,0.9087774294670845,1.6448274152138813,0.0020289097875304768,0.0037366262951421935,0.006410256410256411,0.010512928338279501,0.04477646666666667,0.04719063896998433,30
O3,0.005,random,44,8697,87,0.004214559386973181,0.007068366665038829,0.8330459770114942,1.3971269292236976,0.0016370602577499124,0.002963412656013139,0.007051282051282052,0.011825921151122657,0.04127006666666666,0.029253835938195354,30
O3,0.005,social_ws,44,8697,87,0.00574712643678161,0.006578752545659069,1.1359717868338557,1.300350247490839,0.0028126088470916055,0.0035126443986035756,0.009615384615384616,0.01100675906677575,0.04463256666666659,0.0596358968897109,30
O3,0.005,static_diverse,44,8697,87,0.0003831417624521073,0.0020985538601730504,0.07573145245559038,0.41479824822556854,0.0002438174851967955,0.001335443365564668,0.000641025641025641,0.0035110420352895263,0.03591846666666665,0.009020289393374818,30
O3,0.01,cmaes,87,8697,87,0.010344827586206896,0.008722480033931453,1.0341260404280617,0.8719472282195613,0.0046417404324657595,0.005138586518035487,0.01730769230769231,0.01459338005676993,0.013799600000000007,0.010176320883847683,30
O3,0.01,de,87,8697,87,0.013409961685823755,0.013860100642292364,1.3405337561104502,1.3855321297243293,0.006544237459814153,0.006962526649952032,0.01794871794871795,0.016698941748280953,0.020213333333333312,0.022398921583235955,30
O3,0.01,ensemble_ts,87,8697,87,0.02490421455938697,0.019110790931893315,2.489562689919408,1.9104201003985768,0.010151054740828818,0.009785894801692646,0.03333333333333333,0.021386669875674447,0.008638933333333343,0.007452446975754806,30
O3,0.01,ga,87,8697,87,0.013409961685823755,0.014813410046944088,1.3405337561104502,1.4808301974514106,0.005434447527194257,0.0072006826055923566,0.01858974358974359,0.01921971388680827,0.017551399999999988,0.018157238840672926,30
O3,0.01,gp_ei,87,8697,87,0.013793103448275862,0.012591323161038302,1.3788347205707487,1.258698132546553,0.005359580746025454,0.005363475583887379,0.022435897435897436,0.020253528094098833,0.01802903333333329,0.017940630734084622,30
O3,0.01,graph_social,87,8697,87,0.011877394636015327,0.009295596297029042,1.187329898269256,0.9292390918995586,0.005535737878187342,0.005306349532626878,0.019230769230769232,0.015150742253044911,0.02007256666666665,0.020621469827348155,30
O3,0.01,greedy_walk,87,8697,87,0.01149425287356322,0.014158201426469879,1.1490289338089574,1.4153319288046957,0.004580085436209099,0.0059928811167000925,0.012820512820512822,0.012709510620216668,0.030109833333333332,0.03606013234439666,30
O3,0.01,pso,87,8697,87,0.016858237547892722,0.01726998112047839,1.6852424362531375,1.7264025954574773,0.006306425331395605,0.008026292600752145,0.021153846153846155,0.019786402764017785,0.015968400000000008,0.019626433947349052,30
O3,0.01,random,87,8697,87,0.01111111111111111,0.011877607727408833,1.110727969348659,1.1873512000606277,0.00489276434579645,0.005850288089315094,0.01858974358974359,0.019872151390087855,0.02049289999999999,0.02014502959378526,30
O3,0.01,social_ws,87,8697,87,0.0072796934865900385,0.00706836666503883,0.7277183247456731,0.7065929297223298,0.003875456907561545,0.004307784345575814,0.010897435897435897,0.00969244101911021,0.031241433333333252,0.03506179313104749,30
O3,0.01,static_diverse,87,8697,87,0.004597701149425287,0.007754766294979371,0.459611573523583,0.7752092237636276,0.0018760734575241115,0.0033564354212504972,0.007692307692307693,0.012974320531984721,0.02571373333333331,0.011669641500664109,30
O3,0.02,cmaes,174,8697,87,0.029885057471264367,0.01970160219735744,1.4937376139516447,0.9847404270713659,0.012830845113841548,0.00972672069757748,0.04551282051282051,0.026475694299265714,0.009440366666666663,0.00900518470768588,30
O3,0.02,de,174,8697,87,0.029501915708812262,0.022524717812784624,1.4745871317214954,1.125847533435562,0.015213370326331088,0.011984441636729765,0.03653846153846154,0.023875441926769252,0.008768533333333318,0.006471050651426945,30
O3,0.02,ensemble_ts,174,8697,87,0.059003831417624525,0.02922427709613663,2.9491742634429907,1.4607099879603462,0.02618355573171269,0.01588494405818618,0.07371794871794872,0.03501949981955842,0.0048321999999999905,0.005162320431209477,30
O3,0.02,ga,174,8697,87,0.03103448275862069,0.01864421134900447,1.5511890606420924,0.931889115530413,0.014704716607213635,0.011637723587349883,0.04038461538461539,0.023335203624968246,0.007639933333333319,0.012212110083235294,30
O3,0.02,gp_ei,174,8697,87,0.0367816091954023,0.017181823418015166,1.838446294094332,0.8587949325659648,0.01427313163341701,0.008624080664685731,0.0608974358974359,0.027235461938359906,0.005144966666666669,0.005350713104156173,30
O3,0.02,graph_social,174,8697,87,0.02528735632183908,0.014910481198004257,1.2639318271898532,0.7452669826381783,0.011978684987008412,0.0071312275437362665,0.03717948717948718,0.02015886034505623,0.010378566666666618,0.005550779887319553,30
O3,0.02,greedy_walk,174,8697,87,0.026053639846743294,0.023368506792301773,1.3022327916501517,1.1680224343255659,0.011117717003567182,0.009542479946137121,0.020512820512820513,0.012301612114413309,0.0137406333333333,0.017995050573332127,30
O3,0.02,pso,174,8697,87,0.03065134099616858,0.025314965890500713,1.5320385784119432,1.2653118295958892,0.015019597480953011,0.013707916875326829,0.038461538461538464,0.02766134431646447,0.008305866666666668,0.008029498566099181,30
O3,0.02,random,174,8697,87,0.01800766283524904,0.01405593594519267,0.9000726648170168,0.7025544535364404,0.009961685823754791,0.009179041891883934,0.02948717948717949,0.022995731028052163,0.012170899999999962,0.012958900185746362,30
O3,0.02,social_ws,174,8697,87,0.020689655172413793,0.014601742147927466,1.0341260404280617,0.729835353221409,0.00967543048399172,0.006683268853847316,0.03012820512820513,0.01868136511893418,0.012711866666666594,0.016250014842928668,30
O3,0.02,static_diverse,174,8697,87,0.015708812260536397,0.010228942375450849,0.7851697714361209,0.5112707576971035,0.005907869819879332,0.005866617421998167,0.026282051282051286,0.017113807435850458,0.008828366666666658,0.007295065878473244,30
O3,0.05,cmaes,435,8697,87,0.07126436781609195,0.02586096796000511,1.4247958779231071,0.5170410076969296,0.03657462456511208,0.01757156922964081,0.09487179487179488,0.02669156492544192,0.0028912333333333427,0.003018557027767574,30
O3,0.05,de,435,8697,87,0.08122605363984675,0.0396950270848724,1.6239608931166598,0.793626782889966,0.04027128198352931,0.0217920103743884,0.09807692307692309,0.04113704756432737,0.003657099999999991,0.0027011619000616603,30
O3,0.05,ensemble_ts,435,8697,87,0.14252873563218393,0.04232417515522749,2.8495917558462143,0.84619161224141,0.07283304707799358,0.027518587069152077,0.17243589743589743,0.049862935304835126,0.0015713333333333469,0.0011048097459348636,30
O3,0.05,ga,435,8697,87,0.06321839080459771,0.028276152082268996,1.2639318271898532,0.565328033699985,0.03466067732417317,0.017265459377683392,0.08141025641025641,0.03221223952415497,0.004141299999999962,0.004349115947820435,30
O3,0.05,gp_ei,435,8697,87,0.11762452107279693,0.03232562272923323,2.351679217862333,0.6462895192554972,0.05145637909014841,0.016575576201487342,0.1846153846153846,0.04182873330635632,0.0014936666666666525,0.001429464098603216,30
O3,0.05,graph_social,435,8697,87,0.05057471264367816,0.024633938953776094,1.0111454617518827,0.4925088898413579,0.024872506275597835,0.012639590191870357,0.07307692307692308,0.030885060496047625,0.005719299999999983,0.003710055024687204,30
O3,0.05,greedy_walk,435,8697,87,0.05440613026819923,0.03805434422044448,1.0877473906724797,0.7608244406556449,0.029152243801470912,0.02099841724534786,0.03717948717948718,0.01669894174828095,0.0075239333333332915,0.005640102101871981,30
O3,0.05,pso,435,8697,87,0.06704980842911877,0.03495297491461024,1.3405337561104502,0.6988184432927935,0.03635354736424891,0.023261438681687032,0.08461538461538462,0.03447510627189831,0.004592099999999988,0.0035835911515376727,30
O3,0.05,random,435,8697,87,0.047126436781609195,0.0189351659033693,0.9422037257233452,0.3785727307163283,0.02426564495530013,0.012464475820986474,0.07564102564102564,0.03027341457463101,0.004409899999999989,0.0045191928280657835,30
O3,0.05,social_ws,435,8697,87,0.04482758620689655,0.02585215822786053,0.8962425683709868,0.5168648738108115,0.0218470075307174,0.01189571266648247,0.06410256410256411,0.03246854823515215,0.0067236333333333086,0.004809844577626118,30
O3,0.05,static_diverse,435,8697,87,0.029118773946360154,0.015011983263042364,0.5821746597965384,0.30013613434179176,0.01700444796758709,0.008615374193135746,0.048717948717948725,0.02511620276701319,0.006993099999999982,0.005349321261166912,30
O4,0.005,cmaes,40,5359,54,0.024074074074074074,0.029641600391533265,3.225324074074074,3.971233412455669,0.008888888888888889,0.013733916162111651,0.035483870967741936,0.04093527831853381,1.1238452666666665,0.5464270809938985,30
O4,0.005,de,40,5359,54,0.010493827160493826,0.022645674578365967,1.4059104938271605,3.03395425163658,0.004120370370370371,0.008521320475936312,0.012903225806451613,0.02484297090125674,1.7290908999999999,0.6739157852502072,30
O4,0.005,ensemble_ts,40,5359,54,0.03518518518518519,0.05509601339498389,4.713935185185185,7.381488394592967,0.01566358024691358,0.025307368373295523,0.03118279569892473,0.0444108420503812,1.4347384999999997,0.6257815652365007,30
O4,0.005,ga,40,5359,54,0.01728395061728395,0.028329277639150278,2.3156172839506173,3.795414971705159,0.0067438271604938265,0.011755401649348225,0.02258064516129032,0.03508216341823434,1.4005561666666666,0.7322603658158983,30
O4,0.005,gp_ei,40,5359,54,0.014814814814814814,0.0219653092847956,1.9848148148148148,2.9428023114304898,0.005354938271604938,0.009720080750997204,0.019354838709677417,0.028852490032255353,1.3477852999999997,0.4477746156257284,30
O4,0.005,graph_social,40,5359,54,0.006790123456790123,0.011387924071451448,0.9097067901234568,1.5256971274727076,0.003472222222222222,0.007084840906689412,0.009677419354838708,0.015035212893528998,1.5466791666666666,0.5315388689951991,30
O4,0.005,greedy_walk,40,5359,54,0.01296296296296296,0.0275748226356017,1.736712962962963,3.6943368626047377,0.006867283950617283,0.016001559455344247,0.007526881720430107,0.013876873133937945,2.0770947666666664,0.8467317711203057,30
O4,0.005,pso,40,5359,54,0.03024691358024691,0.04024525509332062,4.05233024691358,5.391858051127629,0.012299382716049382,0.01896363337644271,0.034408602150537634,0.04477294761687031,1.4251284999999998,0.7528600362399993,30
O4,0.005,random,40,5359,54,0.00802469135802469,0.014330636346808649,1.075108024691358,1.919947004563689,0.0044444444444444444,0.0086026785501146,0.013978494623655913,0.024963043958957,1.5584246999999998,0.5009310065704314,30
O4,0.005,social_ws,40,5359,54,0.0018518518518518517,0.005650529196840086,0.24810185185185185,0.7570296491466506,0.0015277777777777776,0.004663271763781172,0.0032258064516129032,0.009842857310624667,1.7811273,0.6224519368653211,30
O4,0.005,static_diverse,40,5359,54,0.0018518518518518517,0.005650529196840086,0.24810185185185185,0.7570296491466506,0.0015277777777777776,0.004663271763781172,0.0032258064516129032,0.009842857310624667,1.7917626999999998,0.39530211039773994,30
O4,0.01,cmaes,54,5359,54,0.0419753086419753,0.04008332144650614,4.165660722450846,3.9778985117004892,0.014540466392318242,0.018064823396883055,0.05591397849462365,0.05217528244138884,0.9747090999999998,0.4650691177314844,30
O4,0.01,de,54,5359,54,0.02530864197530864,0.03589666269229468,2.5116483767718334,3.5624113957038372,0.007361682670324645,0.012690606584896449,0.023655913978494626,0.03273653312289838,1.4416713666666667,0.5078368058148603,30
O4,0.01,ensemble_ts,54,5359,54,0.05246913580246913,0.06471591310891167,5.207075903063557,6.422455154641808,0.022736625514403294,0.033290782315001086,0.05161290322580645,0.057829210520603615,1.2339987,0.4872681296449273,30
O4,0.01,ga,54,5359,54,0.026543209876543208,0.03725457612118277,2.6341678097850934,3.6971717302484897,0.01060813900320073,0.016745683335847774,0.03225806451612903,0.04319574602657975,1.2777924666666665,0.6228004952916847,30
O4,0.01,gp_ei,54,5359,54,0.03024691358024691,0.03719103785528905,3.001726108824874,3.6908661456758156,0.01034522176497485,0.014054466773086055,0.03655913978494623,0.03763176006359191,1.1207129999999996,0.3535425770223244,30
O4,0.01,graph_social,54,5359,54,0.01111111111111111,0.01793459993005564,1.1026748971193416,1.7798429819475587,0.005246913580246912,0.008855236593775516,0.016129032258064516,0.022009298039387518,1.4494197999999998,0.5330481243155935,30
O4,0.01,greedy_walk,54,5359,54,0.01604938271604938,0.03359952367850875,1.5927526291723821,3.3344416183912657,0.008939186099679926,0.019527280862991374,0.007526881720430107,0.013876873133937945,2.0742268333333334,0.8496498406790106,30
O4,0.01,pso,54,5359,54,0.06419753086419752,0.055817461263614254,6.371010516689529,5.539366202068681,0.02217649748513946,0.02597134392349407,0.06344086021505375,0.05521582907941738,1.0893382999999999,0.46520640832935645,30
O4,0.01,random,54,5359,54,0.01111111111111111,0.01506807785824023,1.1026748971193416,1.4953672081909146,0.005738454503886601,0.009922037249791082,0.019354838709677417,0.02624761949499911,1.4122396333333331,0.42931580633612054,30
O4,0.01,social_ws,54,5359,54,0.0049382716049382715,0.014535467643794464,0.49007773205304067,1.442510575983232,0.0017604023776863278,0.005349046257449321,0.005376344086021505,0.014875259270239163,1.6689665999999999,0.6805724124335033,30
O4,0.01,static_diverse,54,5359,54,0.0018518518518518517,0.005650529196840086,0.18377914951989024,0.5607627030715929,0.0016117969821673522,0.004918877702520742,0.0032258064516129032,0.009842857310624667,1.6593718333333334,0.31292196460129923,30
O4,0.02,cmaes,108,5359,54,0.10493827160493827,0.043858777771611845,5.207075903063557,2.176288797019147,0.04283836305441244,0.026357656455247964,0.14516129032258063,0.08158517777264127,0.5973833999999999,0.4409377275112666,30
O4,0.02,de,108,5359,54,0.08148148148148147,0.06481025344285274,4.043141289437585,3.215908779631924,0.028377914951989026,0.03060643690767698,0.07634408602150537,0.0545621064015482,0.9516430999999999,0.4101946494114084,30
O4,0.02,ensemble_ts,108,5359,54,0.18950617283950616,0.10617865577542626,9.403366483767718,5.268624225004716,0.0728909465020576,0.05638797743391734,0.17526881720430107,0.1063768684008818,0.7101466333333332,0.3973476580295278,30
O4,0.02,ga,108,5359,54,0.07037037037037037,0.06023305886518111,3.4918038408779144,2.9887866894306074,0.03059556470050297,0.02986577764258401,0.08064516129032258,0.0654821996860652,0.7917401666666666,0.5815924862297502,30
O4,0.02,gp_ei,108,5359,54,0.08950617283950617,0.06361010181611457,4.4413294467306805,3.1563568114125733,0.03393347050754458,0.02966678881480959,0.11397849462365592,0.0742072499479475,0.8810742666666666,0.31280221446466033,30
O4,0.02,graph_social,108,5359,54,0.02345679012345679,0.038885341118148585,1.1639346136259716,1.929505028260725,0.00723593964334705,0.011895617547019484,0.03118279569892473,0.04521158278115771,1.1752783999999998,0.555263953947384,30
O4,0.02,greedy_walk,108,5359,54,0.028395061728395062,0.06373082476327056,1.4089734796524918,3.1623471287626566,0.016529492455418383,0.03463413489590985,0.007526881720430107,0.013876873133937945,2.0175647,0.7973045049226433,30
O4,0.02,pso,108,5359,54,0.145679012345679,0.0752985218863057,7.22864654778235,3.736340544339929,0.06517489711934156,0.0429951573352665,0.14838709677419354,0.0858080406654069,0.6898269999999999,0.4046935331155135,30
O4,0.02,random,108,5359,54,0.02530864197530864,0.02090799496991332,1.2558241883859167,1.0374624541089397,0.011522633744855966,0.012821544831077888,0.04408602150537634,0.036420378334687725,1.0919691999999999,0.30901418531711444,30
O4,0.02,social_ws,108,5359,54,0.02037037037037037,0.03484917192802249,1.0107853223593963,1.7292288181691902,0.005241197988111568,0.008927310380718598,0.02043010752688172,0.03110662836557425,1.3464983666666663,0.8923699112712395,30
O4,0.02,static_diverse,108,5359,54,0.0049382716049382715,0.008329193427940808,0.24503886602652034,0.41329766278087765,0.002291952446273434,0.005318167081509552,0.008602150537634409,0.014508917584154953,1.3317227,0.2638854977988789,30
O4,0.05,cmaes,268,5359,54,0.22592592592592592,0.08273161503783116,4.517675511332228,1.6543236007005118,0.11844250967385296,0.04669567598437065,0.2720430107526882,0.11196442145605537,0.33190596666666666,0.35001484537920163,30
O4,0.05,de,268,5359,54,0.22901234567901235,0.12365193176897964,4.57939238990234,2.472577247574485,0.10465496591118481,0.06601019017498276,0.210752688172043,0.10261685417896492,0.5098846666666665,0.46830555763704856,30
O4,0.05,ensemble_ts,268,5359,54,0.5234567901234568,0.10830135465110445,10.467182605491063,2.1656229834898086,0.24836696148885204,0.08331802695348468,0.489247311827957,0.1023893156033242,0.2690933666666666,0.3400353660695212,30
O4,0.05,ga,268,5359,54,0.17037037037037037,0.08879837878119552,3.406771697070204,1.7756362383896527,0.08322277501381978,0.05351510903354985,0.18064516129032257,0.08989250859983723,0.5529797999999999,0.5045224195731627,30
O4,0.05,gp_ei,268,5359,54,0.3530864197530864,0.08685047440045375,7.060410908420859,1.7366854190747452,0.14784871936613228,0.048723768547735094,0.40322580645161293,0.08070075947775425,0.5709478666666664,0.20655983677955256,30
O4,0.05,graph_social,268,5359,54,0.08209876543209876,0.05788707719676404,1.6416689699649898,1.1575255473785766,0.02859775198083656,0.024340543535875246,0.0967741935483871,0.05682776317884227,0.7436311333333332,0.6010391970091142,30
O4,0.05,greedy_walk,268,5359,54,0.04444444444444444,0.08570831651366424,0.8887230514096186,1.7138465231221147,0.029535194398378477,0.058096422802698416,0.013978494623655913,0.023481678767567942,1.8518412666666666,0.8196436929039574,30
O4,0.05,pso,268,5359,54,0.34382716049382717,0.09891365527270314,6.875260272710521,1.9779040246508066,0.17623687119955775,0.06274942373709597,0.3236559139784946,0.08782635690901326,0.39806733333333333,0.3652409866516884,30
O4,0.05,random,268,5359,54,0.06049382716049382,0.029952476957093587,1.209650819974203,0.5989377761681512,0.03050257969412198,0.019121657948476027,0.1,0.0489217770583971,0.9411456666666665,0.18246722885197636,30
O4,0.05,social_ws,268,5359,54,0.0419753086419753,0.05190959504503291,0.8393495485535286,1.0379982083818335,0.01726552423069836,0.02327351139719272,0.046236559139784944,0.05130842708948246,1.2134905999999999,0.7913832538582135,30
O4,0.05,static_diverse,268,5359,54,0.0419753086419753,0.01679976183925437,0.8393495485535285,0.3359325511065827,0.01486548737792519,0.0064880916472407285,0.07311827956989246,0.029264101268378584,0.8118706333333331,0.14376510754927302,30
