baseline,gs_better_per_baseline,gs_worse_per_baseline,gs_better_per_cell,gs_worse_per_cell,r_rb_min,r_rb_max
cmaes,3,7,3,8,-0.9802955665024631,0.8376068376068376
de,0,6,0,6,-0.9827586206896551,0.17753623188405798
ensemble_ts,0,11,0,11,-1.0,0.03463203463203463
ga,0,4,0,5,-0.8666666666666667,0.3684210526315789
gp_ei,3,7,3,7,-1.0,0.9298245614035088
greedy_walk,3,0,5,0,-0.46153846153846156,1.0
pso,1,8,1,8,-1.0,0.6403940886699507
random,4,0,5,0,-0.24666666666666667,0.9956989247311828
social_ws,2,1,4,1,-0.8354978354978355,1.0
static_diverse,12,0,12,0,-0.22792022792022792,1.0
