method,objective,budget_frac,final_recall_pool_shift,final_recall_observed_shift,difference
graph_social,O1,0.005,0.006,0.006,0.0
graph_social,O1,0.01,0.012,0.012,0.0
graph_social,O1,0.02,0.027,0.028,0.0010000000000000009
graph_social,O1,0.05,0.075,0.089,0.013999999999999999
graph_social,O2,0.005,0.013,0.013,0.0
graph_social,O2,0.01,0.031,0.034,0.0030000000000000027
graph_social,O2,0.02,0.063,0.067,0.0040000000000000036
graph_social,O2,0.05,0.15,0.153,0.0030000000000000027
graph_social,O3,0.005,0.005,0.005,0.0
graph_social,O3,0.01,0.012,0.012,0.0
graph_social,O3,0.02,0.026,0.025,-0.0009999999999999974
graph_social,O3,0.05,0.051,0.051,0.0
graph_social,O4,0.005,0.006,0.007,0.001
graph_social,O4,0.01,0.011,0.011,0.0
graph_social,O4,0.02,0.025,0.023,-0.0020000000000000018
graph_social,O4,0.05,0.085,0.082,-0.0030000000000000027
social_ws,O1,0.005,0.007,0.008,0.001
social_ws,O1,0.01,0.01,0.009,-0.0010000000000000009
social_ws,O1,0.02,0.016,0.021,0.005000000000000001
social_ws,O1,0.05,0.043,0.03,-0.012999999999999998
social_ws,O2,0.005,0.026,0.026,0.0
social_ws,O2,0.01,0.031,0.034,0.0030000000000000027
social_ws,O2,0.02,0.061,0.057,-0.003999999999999997
social_ws,O2,0.05,0.132,0.13,-0.0020000000000000018
social_ws,O3,0.005,0.006,0.006,0.0
social_ws,O3,0.01,0.007,0.007,0.0
social_ws,O3,0.02,0.019,0.021,0.0020000000000000018
social_ws,O3,0.05,0.041,0.045,0.003999999999999997
social_ws,O4,0.005,0.002,0.002,0.0
social_ws,O4,0.01,0.004,0.005,0.001
social_ws,O4,0.02,0.023,0.02,-0.002999999999999999
social_ws,O4,0.05,0.046,0.042,-0.003999999999999997
