objective,budget_frac,budget,N,hits_K,seeds,expected_recall_B_over_N,observed_recall_mean,observed_recall_std,expected_total_hits,observed_total_hits,exact_p_two_sided,p_holm
O1,0.005,44,8697,87,30,0.0050592158215476,0.0042145593869731,0.0063914185835348,13.204553294239393,11,0.6763920807887687,1.0
O1,0.01,87,8697,87,30,0.0100034494653328,0.0091954022988505,0.0087485562656021,26.1090031045188,24,0.7667363178647368,1.0
O1,0.02,174,8697,87,30,0.0200068989306657,0.0218390804597701,0.0171685607194598,52.2180062090376,57,0.4821797507038564,1.0
O1,0.05,435,8697,87,30,0.0500172473266643,0.0517241379310344,0.0233327378191726,130.545015522594,135,0.6845357506830091,1.0
O2,0.005,44,8697,87,30,0.0050592158215476,0.0049808429118773,0.0071961185698769,13.204553294239393,13,1.0,1.0
O2,0.01,87,8697,87,30,0.0100034494653328,0.0099616858237547,0.0111862553016466,26.1090031045188,26,0.9999999999999784,1.0
O2,0.02,174,8697,87,30,0.0200068989306657,0.0222222222222222,0.0167884308813844,52.2180062090376,58,0.3991053398219547,1.0
O2,0.05,435,8697,87,30,0.0500172473266643,0.0590038314176245,0.0231333788872287,130.545015522594,154,0.0377748938042788,0.6043983008684608
O3,0.005,44,8697,87,30,0.0050592158215476,0.0042145593869731,0.0070683666650388,13.204553294239393,11,0.6763920807887687,1.0
O3,0.01,87,8697,87,30,0.0100034494653328,0.0111111111111111,0.0118776077274088,26.1090031045188,29,0.5521768879108773,1.0
O3,0.02,174,8697,87,30,0.0200068989306657,0.018007662835249,0.0140559359451926,52.2180062090376,47,0.5267784492780752,1.0
O3,0.05,435,8697,87,30,0.0500172473266643,0.0471264367816091,0.0189351659033693,130.545015522594,123,0.5275436181857335,1.0
O4,0.005,40,5359,54,30,0.0074640791192386,0.0080246913580246,0.0143306363468086,12.091808173166635,13,0.77041499067497,1.0
O4,0.01,54,5359,54,30,0.0100765068109721,0.0111111111111111,0.0150680778582402,16.323941033774958,18,0.6169290935521257,1.0
O4,0.02,108,5359,54,30,0.0201530136219443,0.0253086419753086,0.0209079949699133,32.647882067549915,41,0.153845809182483,1.0
O4,0.05,268,5359,54,30,0.050009330098899,0.0604938271604938,0.0299524769570935,81.01511476021646,98,0.0583681462253718,0.875522193380577
