key,objective,budget_frac,seed,share_top_decile,base_rate,difference
graph_social__topo=mgn_phi0.70_rho0.10__O1__b0.01__P10__c0.70__fobs__s12,O1,0.01,12,0.0,0.7142857142857143,-0.7142857142857143
graph_social__topo=mgn_phi0.70_rho0.10__O1__b0.01__P10__c0.70__fobs__s24,O1,0.01,24,1.0,0.5263157894736842,0.4736842105263158
graph_social__topo=mgn_phi0.70_rho0.10__O1__b0.02__P10__c0.70__fobs__s1,O1,0.02,1,1.0,0.7094017094017094,0.29059829059829057
graph_social__topo=mgn_phi0.70_rho0.10__O1__b0.02__P10__c0.70__fobs__s2,O1,0.02,2,0.0,0.3617021276595745,-0.3617021276595745
graph_social__topo=mgn_phi0.70_rho0.10__O1__b0.02__P10__c0.70__fobs__s3,O1,0.02,3,0.0,0.7868852459016393,-0.7868852459016393
graph_social__topo=mgn_phi0.70_rho0.10__O1__b0.02__P10__c0.70__fobs__s5,O1,0.02,5,1.0,0.5,0.5
graph_social__topo=mgn_phi0.70_rho0.10__O1__b0.02__P10__c0.70__fobs__s15,O1,0.02,15,1.0,0.5568181818181818,0.44318181818181823
graph_social__topo=mgn_phi0.70_rho0.10__O1__b0.02__P10__c0.70__fobs__s18,O1,0.02,18,0.0,0.4675324675324675,-0.4675324675324675
graph_social__topo=mgn_phi0.70_rho0.10__O1__b0.02__P10__c0.70__fobs__s19,O1,0.02,19,0.0,0.41025641025641024,-0.41025641025641024
graph_social__topo=mgn_phi0.70_rho0.10__O1__b0.02__P10__c0.70__fobs__s20,O1,0.02,20,1.0,0.47619047619047616,0.5238095238095238
graph_social__topo=mgn_phi0.70_rho0.10__O1__b0.02__P10__c0.70__fobs__s22,O1,0.02,22,1.0,0.673469387755102,0.326530612244898
graph_social__topo=mgn_phi0.70_rho0.10__O1__b0.05__P10__c0.70__fobs__s1,O1,0.05,1,0.5,0.745819397993311,-0.24581939799331098
graph_social__topo=mgn_phi0.70_rho0.10__O1__b0.05__P10__c0.70__fobs__s2,O1,0.05,2,0.0,0.5583941605839416,-0.5583941605839416
graph_social__topo=mgn_phi0.70_rho0.10__O1__b0.05__P10__c0.70__fobs__s4,O1,0.05,4,0.0,0.5958188153310104,-0.5958188153310104
graph_social__topo=mgn_phi0.70_rho0.10__O1__b0.05__P10__c0.70__fobs__s5,O1,0.05,5,1.0,0.3793103448275862,0.6206896551724138
graph_social__topo=mgn_phi0.70_rho0.10__O1__b0.05__P10__c0.70__fobs__s6,O1,0.05,6,0.5,0.5258964143426295,-0.02589641434262946
graph_social__topo=mgn_phi0.70_rho0.10__O1__b0.05__P10__c0.70__fobs__s8,O1,0.05,8,0.0,0.4964788732394366,-0.4964788732394366
graph_social__topo=mgn_phi0.70_rho0.10__O1__b0.05__P10__c0.70__fobs__s9,O1,0.05,9,0.0,0.4579831932773109,-0.4579831932773109
graph_social__topo=mgn_phi0.70_rho0.10__O1__b0.05__P10__c0.70__fobs__s10,O1,0.05,10,0.0,0.4727272727272727,-0.4727272727272727
graph_social__topo=mgn_phi0.70_rho0.10__O1__b0.05__P10__c0.70__fobs__s11,O1,0.05,11,0.0,0.4052631578947368,-0.4052631578947368
graph_social__topo=mgn_phi0.70_rho0.10__O1__b0.05__P10__c0.70__fobs__s12,O1,0.05,12,0.25,0.397196261682243,-0.14719626168224298
graph_social__topo=mgn_phi0.70_rho0.10__O1__b0.05__P10__c0.70__fobs__s13,O1,0.05,13,0.0,0.4959349593495935,-0.4959349593495935
graph_social__topo=mgn_phi0.70_rho0.10__O1__b0.05__P10__c0.70__fobs__s14,O1,0.05,14,0.0,0.5714285714285714,-0.5714285714285714
graph_social__topo=mgn_phi0.70_rho0.10__O1__b0.05__P10__c0.70__fobs__s16,O1,0.05,16,0.0,0.40707964601769914,-0.40707964601769914
graph_social__topo=mgn_phi0.70_rho0.10__O1__b0.05__P10__c0.70__fobs__s17,O1,0.05,17,0.5,0.5169811320754717,-0.016981132075471694
graph_social__topo=mgn_phi0.70_rho0.10__O1__b0.05__P10__c0.70__fobs__s18,O1,0.05,18,0.25,0.5694444444444444,-0.3194444444444444
graph_social__topo=mgn_phi0.70_rho0.10__O1__b0.05__P10__c0.70__fobs__s19,O1,0.05,19,0.5,0.35106382978723405,0.14893617021276595
graph_social__topo=mgn_phi0.70_rho0.10__O1__b0.05__P10__c0.70__fobs__s22,O1,0.05,22,1.0,0.5977011494252874,0.4022988505747126
graph_social__topo=mgn_phi0.70_rho0.10__O1__b0.05__P10__c0.70__fobs__s23,O1,0.05,23,0.25,0.44036697247706424,-0.19036697247706424
graph_social__topo=mgn_phi0.70_rho0.10__O1__b0.05__P10__c0.70__fobs__s24,O1,0.05,24,0.0,0.6187050359712231,-0.6187050359712231
graph_social__topo=mgn_phi0.70_rho0.10__O1__b0.05__P10__c0.70__fobs__s25,O1,0.05,25,0.0,0.38934426229508196,-0.38934426229508196
graph_social__topo=mgn_phi0.70_rho0.10__O1__b0.05__P10__c0.70__fobs__s26,O1,0.05,26,0.0,0.39069767441860465,-0.39069767441860465
graph_social__topo=mgn_phi0.70_rho0.10__O1__b0.05__P10__c0.70__fobs__s28,O1,0.05,28,0.0,0.621875,-0.621875
graph_social__topo=mgn_phi0.70_rho0.10__O1__b0.05__P10__c0.70__fobs__s29,O1,0.05,29,0.0,0.534965034965035,-0.534965034965035
graph_social__topo=mgn_phi0.70_rho0.10__O2__b0.005__P10__c0.70__fobs__s0,O2,0.005,0,1.0,0.08333333333333333,0.9166666666666666
graph_social__topo=mgn_phi0.70_rho0.10__O2__b0.005__P10__c0.70__fobs__s1,O2,0.005,1,0.0,0.42857142857142855,-0.42857142857142855
graph_social__topo=mgn_phi0.70_rho0.10__O2__b0.005__P10__c0.70__fobs__s2,O2,0.005,2,0.0,0.4666666666666667,-0.4666666666666667
graph_social__topo=mgn_phi0.70_rho0.10__O2__b0.005__P10__c0.70__fobs__s3,O2,0.005,3,1.0,0.6818181818181818,0.31818181818181823
graph_social__topo=mgn_phi0.70_rho0.10__O2__b0.005__P10__c0.70__fobs__s5,O2,0.005,5,1.0,0.26666666666666666,0.7333333333333334
graph_social__topo=mgn_phi0.70_rho0.10__O2__b0.005__P10__c0.70__fobs__s13,O2,0.005,13,1.0,0.7857142857142857,0.2142857142857143
graph_social__topo=mgn_phi0.70_rho0.10__O2__b0.005__P10__c0.70__fobs__s15,O2,0.005,15,1.0,0.7,0.30000000000000004
graph_social__topo=mgn_phi0.70_rho0.10__O2__b0.005__P10__c0.70__fobs__s21,O2,0.005,21,0.0,0.16666666666666666,-0.16666666666666666
graph_social__topo=mgn_phi0.70_rho0.10__O2__b0.005__P10__c0.70__fobs__s25,O2,0.005,25,0.0,0.26666666666666666,-0.26666666666666666
graph_social__topo=mgn_phi0.70_rho0.10__O2__b0.005__P10__c0.70__fobs__s26,O2,0.005,26,1.0,0.4166666666666667,0.5833333333333333
graph_social__topo=mgn_phi0.70_rho0.10__O2__b0.005__P10__c0.70__fobs__s28,O2,0.005,28,0.0,0.07692307692307693,-0.07692307692307693
graph_social__topo=mgn_phi0.70_rho0.10__O2__b0.01__P10__c0.70__fobs__s0,O2,0.01,0,0.3333333333333333,0.26666666666666666,0.06666666666666665
graph_social__topo=mgn_phi0.70_rho0.10__O2__b0.01__P10__c0.70__fobs__s1,O2,0.01,1,0.0,0.5957446808510638,-0.5957446808510638
graph_social__topo=mgn_phi0.70_rho0.10__O2__b0.01__P10__c0.70__fobs__s3,O2,0.01,3,1.0,0.7358490566037735,0.26415094339622647
graph_social__topo=mgn_phi0.70_rho0.10__O2__b0.01__P10__c0.70__fobs__s4,O2,0.01,4,0.5,0.8070175438596491,-0.3070175438596491
graph_social__topo=mgn_phi0.70_rho0.10__O2__b0.01__P10__c0.70__fobs__s6,O2,0.01,6,1.0,0.7916666666666666,0.20833333333333337
graph_social__topo=mgn_phi0.70_rho0.10__O2__b0.01__P10__c0.70__fobs__s7,O2,0.01,7,0.0,0.6071428571428571,-0.6071428571428571
graph_social__topo=mgn_phi0.70_rho0.10__O2__b0.01__P10__c0.70__fobs__s9,O2,0.01,9,1.0,0.42857142857142855,0.5714285714285714
graph_social__topo=mgn_phi0.70_rho0.10__O2__b0.01__P10__c0.70__fobs__s10,O2,0.01,10,0.5,0.7954545454545454,-0.2954545454545454
graph_social__topo=mgn_phi0.70_rho0.10__O2__b0.01__P10__c0.70__fobs__s11,O2,0.01,11,1.0,0.6170212765957447,0.3829787234042553
graph_social__topo=mgn_phi0.70_rho0.10__O2__b0.01__P10__c0.70__fobs__s12,O2,0.01,12,1.0,0.28205128205128205,0.717948717948718
graph_social__topo=mgn_phi0.70_rho0.10__O2__b0.01__P10__c0.70__fobs__s13,O2,0.01,13,0.3333333333333333,0.4,-0.06666666666666671
graph_social__topo=mgn_phi0.70_rho0.10__O2__b0.01__P10__c0.70__fobs__s14,O2,0.01,14,0.5,0.6,-0.09999999999999998
graph_social__topo=mgn_phi0.70_rho0.10__O2__b0.01__P10__c0.70__fobs__s17,O2,0.01,17,1.0,0.5625,0.4375
graph_social__topo=mgn_phi0.70_rho0.10__O2__b0.01__P10__c0.70__fobs__s18,O2,0.01,18,0.3333333333333333,0.18518518518518517,0.14814814814814814
graph_social__topo=mgn_phi0.70_rho0.10__O2__b0.01__P10__c0.70__fobs__s20,O2,0.01,20,0.3333333333333333,0.2857142857142857,0.047619047619047616
graph_social__topo=mgn_phi0.70_rho0.10__O2__b0.01__P10__c0.70__fobs__s21,O2,0.01,21,0.0,0.03225806451612903,-0.03225806451612903
graph_social__topo=mgn_phi0.70_rho0.10__O2__b0.01__P10__c0.70__fobs__s23,O2,0.01,23,1.0,0.72,0.28
graph_social__topo=mgn_phi0.70_rho0.10__O2__b0.01__P10__c0.70__fobs__s24,O2,0.01,24,0.75,0.6428571428571429,0.1071428571428571
graph_social__topo=mgn_phi0.70_rho0.10__O2__b0.01__P10__c0.70__fobs__s25,O2,0.01,25,0.5,0.22,0.28
graph_social__topo=mgn_phi0.70_rho0.10__O2__b0.01__P10__c0.70__fobs__s26,O2,0.01,26,1.0,0.7555555555555555,0.24444444444444446
graph_social__topo=mgn_phi0.70_rho0.10__O2__b0.01__P10__c0.70__fobs__s27,O2,0.01,27,1.0,0.5714285714285714,0.4285714285714286
graph_social__topo=mgn_phi0.70_rho0.10__O2__b0.01__P10__c0.70__fobs__s28,O2,0.01,28,0.0,0.32608695652173914,-0.32608695652173914
graph_social__topo=mgn_phi0.70_rho0.10__O2__b0.01__P10__c0.70__fobs__s29,O2,0.01,29,0.0,0.6285714285714286,-0.6285714285714286
graph_social__topo=mgn_phi0.70_rho0.10__O2__b0.02__P10__c0.70__fobs__s0,O2,0.02,0,0.0,0.2647058823529412,-0.2647058823529412
graph_social__topo=mgn_phi0.70_rho0.10__O2__b0.02__P10__c0.70__fobs__s1,O2,0.02,1,0.25,0.6083333333333333,-0.3583333333333333
graph_social__topo=mgn_phi0.70_rho0.10__O2__b0.02__P10__c0.70__fobs__s2,O2,0.02,2,0.0,0.7027027027027027,-0.7027027027027027
graph_social__topo=mgn_phi0.70_rho0.10__O2__b0.02__P10__c0.70__fobs__s3,O2,0.02,3,0.16666666666666666,0.5855855855855856,-0.41891891891891897
graph_social__topo=mgn_phi0.70_rho0.10__O2__b0.02__P10__c0.70__fobs__s4,O2,0.02,4,0.8,0.6363636363636364,0.1636363636363637
graph_social__topo=mgn_phi0.70_rho0.10__O2__b0.02__P10__c0.70__fobs__s5,O2,0.02,5,0.6666666666666666,0.375,0.29166666666666663
graph_social__topo=mgn_phi0.70_rho0.10__O2__b0.02__P10__c0.70__fobs__s6,O2,0.02,6,0.5,0.6944444444444444,-0.19444444444444442
graph_social__topo=mgn_phi0.70_rho0.10__O2__b0.02__P10__c0.70__fobs__s9,O2,0.02,9,1.0,0.6626506024096386,0.3373493975903614
graph_social__topo=mgn_phi0.70_rho0.10__O2__b0.02__P10__c0.70__fobs__s10,O2,0.02,10,0.6666666666666666,0.7452830188679245,-0.07861635220125784
graph_social__topo=mgn_phi0.70_rho0.10__O2__b0.02__P10__c0.70__fobs__s11,O2,0.02,11,1.0,0.704,0.29600000000000004
graph_social__topo=mgn_phi0.70_rho0.10__O2__b0.02__P10__c0.70__fobs__s12,O2,0.02,12,1.0,0.4742268041237113,0.5257731958762887
graph_social__topo=mgn_phi0.70_rho0.10__O2__b0.02__P10__c0.70__fobs__s13,O2,0.02,13,0.5,0.7289719626168224,-0.2289719626168224
graph_social__topo=mgn_phi0.70_rho0.10__O2__b0.02__P10__c0.70__fobs__s14,O2,0.02,14,0.0,0.5909090909090909,-0.5909090909090909
graph_social__topo=mgn_phi0.70_rho0.10__O2__b0.02__P10__c0.70__fobs__s15,O2,0.02,15,0.0,0.6666666666666666,-0.6666666666666666
graph_social__topo=mgn_phi0.70_rho0.10__O2__b0.02__P10__c0.70__fobs__s17,O2,0.02,17,0.25,0.6019417475728155,-0.3519417475728155
graph_social__topo=mgn_phi0.70_rho0.10__O2__b0.02__P10__c0.70__fobs__s18,O2,0.02,18,0.5,0.6842105263157895,-0.1842105263157895
graph_social__topo=mgn_phi0.70_rho0.10__O2__b0.02__P10__c0.70__fobs__s19,O2,0.02,19,0.0,0.3076923076923077,-0.3076923076923077
graph_social__topo=mgn_phi0.70_rho0.10__O2__b0.02__P10__c0.70__fobs__s20,O2,0.02,20,1.0,0.631578947368421,0.368421052631579
graph_social__topo=mgn_phi0.70_rho0.10__O2__b0.02__P10__c0.70__fobs__s21,O2,0.02,21,0.0,0.23255813953488372,-0.23255813953488372
graph_social__topo=mgn_phi0.70_rho0.10__O2__b0.02__P10__c0.70__fobs__s22,O2,0.02,22,0.6666666666666666,0.4523809523809524,0.21428571428571425
graph_social__topo=mgn_phi0.70_rho0.10__O2__b0.02__P10__c0.70__fobs__s23,O2,0.02,23,1.0,0.4945054945054945,0.5054945054945055
graph_social__topo=mgn_phi0.70_rho0.10__O2__b0.02__P10__c0.70__fobs__s24,O2,0.02,24,0.3333333333333333,0.6416666666666667,-0.3083333333333334
graph_social__topo=mgn_phi0.70_rho0.10__O2__b0.02__P10__c0.70__fobs__s25,O2,0.02,25,0.75,0.5480769230769231,0.20192307692307687
graph_social__topo=mgn_phi0.70_rho0.10__O2__b0.02__P10__c0.70__fobs__s26,O2,0.02,26,0.8,0.652542372881356,0.14745762711864407
graph_social__topo=mgn_phi0.70_rho0.10__O2__b0.02__P10__c0.70__fobs__s27,O2,0.02,27,0.25,0.43636363636363634,-0.18636363636363634
graph_social__topo=mgn_phi0.70_rho0.10__O2__b0.02__P10__c0.70__fobs__s28,O2,0.02,28,0.2,0.5887096774193549,-0.38870967741935486
graph_social__topo=mgn_phi0.70_rho0.10__O2__b0.05__P10__c0.70__fobs__s0,O2,0.05,0,0.6666666666666666,0.4177215189873418,0.24894514767932485
graph_social__topo=mgn_phi0.70_rho0.10__O2__b0.05__P10__c0.70__fobs__s1,O2,0.05,1,0.4444444444444444,0.5659163987138264,-0.12147195426938195
graph_social__topo=mgn_phi0.70_rho0.10__O2__b0.05__P10__c0.70__fobs__s2,O2,0.05,2,0.6666666666666666,0.5444015444015444,0.1222651222651222
graph_social__topo=mgn_phi0.70_rho0.10__O2__b0.05__P10__c0.70__fobs__s3,O2,0.05,3,0.3333333333333333,0.642023346303502,-0.3086900129701687
graph_social__topo=mgn_phi0.70_rho0.10__O2__b0.05__P10__c0.70__fobs__s4,O2,0.05,4,0.5,0.53,-0.030000000000000027
graph_social__topo=mgn_phi0.70_rho0.10__O2__b0.05__P10__c0.70__fobs__s5,O2,0.05,5,1.0,0.602112676056338,0.397887323943662
graph_social__topo=mgn_phi0.70_rho0.10__O2__b0.05__P10__c0.70__fobs__s6,O2,0.05,6,0.25,0.5795053003533569,-0.3295053003533569
graph_social__topo=mgn_phi0.70_rho0.10__O2__b0.05__P10__c0.70__fobs__s7,O2,0.05,7,0.4,0.6292134831460674,-0.22921348314606738
graph_social__topo=mgn_phi0.70_rho0.10__O2__b0.05__P10__c0.70__fobs__s8,O2,0.05,8,0.0,0.509090909090909,-0.509090909090909
graph_social__topo=mgn_phi0.70_rho0.10__O2__b0.05__P10__c0.70__fobs__s9,O2,0.05,9,1.0,0.47491638795986624,0.5250836120401338
graph_social__topo=mgn_phi0.70_rho0.10__O2__b0.05__P10__c0.70__fobs__s10,O2,0.05,10,0.16666666666666666,0.5234657039711191,-0.3567990373044525
graph_social__topo=mgn_phi0.70_rho0.10__O2__b0.05__P10__c0.70__fobs__s11,O2,0.05,11,0.0,0.5375,-0.5375
graph_social__topo=mgn_phi0.70_rho0.10__O2__b0.05__P10__c0.70__fobs__s13,O2,0.05,13,0.6666666666666666,0.5518394648829431,0.11482720178372352
graph_social__topo=mgn_phi0.70_rho0.10__O2__b0.05__P10__c0.70__fobs__s14,O2,0.05,14,0.3333333333333333,0.5870967741935483,-0.253763440860215
graph_social__topo=mgn_phi0.70_rho0.10__O2__b0.05__P10__c0.70__fobs__s15,O2,0.05,15,0.4,0.5877862595419847,-0.1877862595419847
graph_social__topo=mgn_phi0.70_rho0.10__O2__b0.05__P10__c0.70__fobs__s16,O2,0.05,16,0.2,0.4784172661870504,-0.27841726618705037
graph_social__topo=mgn_phi0.70_rho0.10__O2__b0.05__P10__c0.70__fobs__s17,O2,0.05,17,0.2,0.5019157088122606,-0.30191570881226054
graph_social__topo=mgn_phi0.70_rho0.10__O2__b0.05__P10__c0.70__fobs__s18,O2,0.05,18,0.25,0.45454545454545453,-0.20454545454545453
graph_social__topo=mgn_phi0.70_rho0.10__O2__b0.05__P10__c0.70__fobs__s19,O2,0.05,19,0.75,0.49230769230769234,0.25769230769230766
graph_social__topo=mgn_phi0.70_rho0.10__O2__b0.05__P10__c0.70__fobs__s20,O2,0.05,20,0.4,0.5652173913043478,-0.16521739130434776
graph_social__topo=mgn_phi0.70_rho0.10__O2__b0.05__P10__c0.70__fobs__s21,O2,0.05,21,0.0,0.5104895104895105,-0.5104895104895105
graph_social__topo=mgn_phi0.70_rho0.10__O2__b0.05__P10__c0.70__fobs__s22,O2,0.05,22,0.42857142857142855,0.4963768115942029,-0.06780538302277433
graph_social__topo=mgn_phi0.70_rho0.10__O2__b0.05__P10__c0.70__fobs__s23,O2,0.05,23,0.25,0.2897196261682243,-0.039719626168224276
graph_social__topo=mgn_phi0.70_rho0.10__O2__b0.05__P10__c0.70__fobs__s24,O2,0.05,24,0.0,0.20657276995305165,-0.20657276995305165
graph_social__topo=mgn_phi0.70_rho0.10__O2__b0.05__P10__c0.70__fobs__s25,O2,0.05,25,0.3333333333333333,0.3929824561403509,-0.05964912280701756
graph_social__topo=mgn_phi0.70_rho0.10__O2__b0.05__P10__c0.70__fobs__s26,O2,0.05,26,0.2,0.44106463878326996,-0.24106463878326995
graph_social__topo=mgn_phi0.70_rho0.10__O2__b0.05__P10__c0.70__fobs__s27,O2,0.05,27,0.0,0.5185185185185185,-0.5185185185185185
graph_social__topo=mgn_phi0.70_rho0.10__O2__b0.05__P10__c0.70__fobs__s28,O2,0.05,28,0.5714285714285714,0.53,0.04142857142857137
graph_social__topo=mgn_phi0.70_rho0.10__O2__b0.05__P10__c0.70__fobs__s29,O2,0.05,29,0.0,0.4791666666666667,-0.4791666666666667
graph_social__topo=mgn_phi0.70_rho0.10__O3__b0.005__P10__c0.70__fobs__s5,O3,0.005,5,0.0,0.0,0.0
graph_social__topo=mgn_phi0.70_rho0.10__O3__b0.005__P10__c0.70__fobs__s8,O3,0.005,8,1.0,0.9,0.09999999999999998
graph_social__topo=mgn_phi0.70_rho0.10__O3__b0.005__P10__c0.70__fobs__s10,O3,0.005,10,1.0,0.6153846153846154,0.3846153846153846
graph_social__topo=mgn_phi0.70_rho0.10__O3__b0.005__P10__c0.70__fobs__s22,O3,0.005,22,0.0,0.3333333333333333,-0.3333333333333333
graph_social__topo=mgn_phi0.70_rho0.10__O3__b0.005__P10__c0.70__fobs__s27,O3,0.005,27,0.0,0.3333333333333333,-0.3333333333333333
graph_social__topo=mgn_phi0.70_rho0.10__O3__b0.01__P10__c0.70__fobs__s1,O3,0.01,1,0.0,0.16666666666666666,-0.16666666666666666
graph_social__topo=mgn_phi0.70_rho0.10__O3__b0.01__P10__c0.70__fobs__s3,O3,0.01,3,1.0,0.8181818181818182,0.18181818181818177
graph_social__topo=mgn_phi0.70_rho0.10__O3__b0.01__P10__c0.70__fobs__s6,O3,0.01,6,1.0,0.5714285714285714,0.4285714285714286
graph_social__topo=mgn_phi0.70_rho0.10__O3__b0.01__P10__c0.70__fobs__s8,O3,0.01,8,1.0,0.9622641509433962,0.037735849056603765
graph_social__topo=mgn_phi0.70_rho0.10__O3__b0.01__P10__c0.70__fobs__s11,O3,0.01,11,1.0,0.3953488372093023,0.6046511627906976
graph_social__topo=mgn_phi0.70_rho0.10__O3__b0.01__P10__c0.70__fobs__s12,O3,0.01,12,1.0,0.4222222222222222,0.5777777777777777
graph_social__topo=mgn_phi0.70_rho0.10__O3__b0.01__P10__c0.70__fobs__s13,O3,0.01,13,1.0,0.5294117647058824,0.47058823529411764
graph_social__topo=mgn_phi0.70_rho0.10__O3__b0.01__P10__c0.70__fobs__s18,O3,0.01,18,0.0,0.358974358974359,-0.358974358974359
graph_social__topo=mgn_phi0.70_rho0.10__O3__b0.01__P10__c0.70__fobs__s19,O3,0.01,19,0.0,0.4827586206896552,-0.4827586206896552
graph_social__topo=mgn_phi0.70_rho0.10__O3__b0.01__P10__c0.70__fobs__s21,O3,0.01,21,1.0,0.38095238095238093,0.6190476190476191
graph_social__topo=mgn_phi0.70_rho0.10__O3__b0.01__P10__c0.70__fobs__s24,O3,0.01,24,0.0,0.28125,-0.28125
graph_social__topo=mgn_phi0.70_rho0.10__O3__b0.01__P10__c0.70__fobs__s26,O3,0.01,26,0.0,0.22580645161290322,-0.22580645161290322
graph_social__topo=mgn_phi0.70_rho0.10__O3__b0.01__P10__c0.70__fobs__s27,O3,0.01,27,1.0,0.7586206896551724,0.24137931034482762
graph_social__topo=mgn_phi0.70_rho0.10__O3__b0.02__P10__c0.70__fobs__s0,O3,0.02,0,0.0,0.35,-0.35
graph_social__topo=mgn_phi0.70_rho0.10__O3__b0.02__P10__c0.70__fobs__s1,O3,0.02,1,0.0,0.5471698113207547,-0.5471698113207547
graph_social__topo=mgn_phi0.70_rho0.10__O3__b0.02__P10__c0.70__fobs__s3,O3,0.02,3,1.0,0.6320754716981132,0.3679245283018868
graph_social__topo=mgn_phi0.70_rho0.10__O3__b0.02__P10__c0.70__fobs__s4,O3,0.02,4,1.0,0.45,0.55
graph_social__topo=mgn_phi0.70_rho0.10__O3__b0.02__P10__c0.70__fobs__s5,O3,0.02,5,0.0,0.28865979381443296,-0.28865979381443296
graph_social__topo=mgn_phi0.70_rho0.10__O3__b0.02__P10__c0.70__fobs__s6,O3,0.02,6,0.5,0.4845360824742268,0.015463917525773196
graph_social__topo=mgn_phi0.70_rho0.10__O3__b0.02__P10__c0.70__fobs__s7,O3,0.02,7,1.0,0.6178861788617886,0.38211382113821135
graph_social__topo=mgn_phi0.70_rho0.10__O3__b0.02__P10__c0.70__fobs__s8,O3,0.02,8,1.0,0.7692307692307693,0.23076923076923073
graph_social__topo=mgn_phi0.70_rho0.10__O3__b0.02__P10__c0.70__fobs__s10,O3,0.02,10,0.0,0.5089285714285714,-0.5089285714285714
graph_social__topo=mgn_phi0.70_rho0.10__O3__b0.02__P10__c0.70__fobs__s12,O3,0.02,12,0.0,0.4722222222222222,-0.4722222222222222
graph_social__topo=mgn_phi0.70_rho0.10__O3__b0.02__P10__c0.70__fobs__s13,O3,0.02,13,0.5,0.4,0.09999999999999998
graph_social__topo=mgn_phi0.70_rho0.10__O3__b0.02__P10__c0.70__fobs__s14,O3,0.02,14,0.0,0.3978494623655914,-0.3978494623655914
graph_social__topo=mgn_phi0.70_rho0.10__O3__b0.02__P10__c0.70__fobs__s15,O3,0.02,15,1.0,0.6698113207547169,0.33018867924528306
graph_social__topo=mgn_phi0.70_rho0.10__O3__b0.02__P10__c0.70__fobs__s17,O3,0.02,17,0.0,0.7346938775510204,-0.7346938775510204
graph_social__topo=mgn_phi0.70_rho0.10__O3__b0.02__P10__c0.70__fobs__s18,O3,0.02,18,0.0,0.5425531914893617,-0.5425531914893617
graph_social__topo=mgn_phi0.70_rho0.10__O3__b0.02__P10__c0.70__fobs__s19,O3,0.02,19,0.0,0.46153846153846156,-0.46153846153846156
graph_social__topo=mgn_phi0.70_rho0.10__O3__b0.02__P10__c0.70__fobs__s20,O3,0.02,20,0.5,0.5,0.0
graph_social__topo=mgn_phi0.70_rho0.10__O3__b0.02__P10__c0.70__fobs__s23,O3,0.02,23,0.0,0.5192307692307693,-0.5192307692307693
graph_social__topo=mgn_phi0.70_rho0.10__O3__b0.02__P10__c0.70__fobs__s24,O3,0.02,24,0.0,0.3563218390804598,-0.3563218390804598
graph_social__topo=mgn_phi0.70_rho0.10__O3__b0.02__P10__c0.70__fobs__s26,O3,0.02,26,0.0,0.4430379746835443,-0.4430379746835443
graph_social__topo=mgn_phi0.70_rho0.10__O3__b0.02__P10__c0.70__fobs__s27,O3,0.02,27,0.0,0.7153284671532847,-0.7153284671532847
graph_social__topo=mgn_phi0.70_rho0.10__O3__b0.02__P10__c0.70__fobs__s28,O3,0.02,28,0.6666666666666666,0.5346534653465347,0.13201320132013195
graph_social__topo=mgn_phi0.70_rho0.10__O3__b0.02__P10__c0.70__fobs__s29,O3,0.02,29,1.0,0.6885245901639344,0.3114754098360656
graph_social__topo=mgn_phi0.70_rho0.10__O3__b0.05__P10__c0.70__fobs__s0,O3,0.05,0,0.0,0.4314516129032258,-0.4314516129032258
graph_social__topo=mgn_phi0.70_rho0.10__O3__b0.05__P10__c0.70__fobs__s1,O3,0.05,1,1.0,0.5961538461538461,0.40384615384615385
graph_social__topo=mgn_phi0.70_rho0.10__O3__b0.05__P10__c0.70__fobs__s3,O3,0.05,3,1.0,0.45643153526970953,0.5435684647302905
graph_social__topo=mgn_phi0.70_rho0.10__O3__b0.05__P10__c0.70__fobs__s4,O3,0.05,4,0.0,0.5631768953068592,-0.5631768953068592
graph_social__topo=mgn_phi0.70_rho0.10__O3__b0.05__P10__c0.70__fobs__s5,O3,0.05,5,0.5,0.5072992700729927,-0.007299270072992692
graph_social__topo=mgn_phi0.70_rho0.10__O3__b0.05__P10__c0.70__fobs__s6,O3,0.05,6,0.0,0.452,-0.452
graph_social__topo=mgn_phi0.70_rho0.10__O3__b0.05__P10__c0.70__fobs__s7,O3,0.05,7,1.0,0.4676258992805755,0.5323741007194245
graph_social__topo=mgn_phi0.70_rho0.10__O3__b0.05__P10__c0.70__fobs__s8,O3,0.05,8,0.25,0.5,-0.25
graph_social__topo=mgn_phi0.70_rho0.10__O3__b0.05__P10__c0.70__fobs__s10,O3,0.05,10,0.0,0.33214285714285713,-0.33214285714285713
graph_social__topo=mgn_phi0.70_rho0.10__O3__b0.05__P10__c0.70__fobs__s11,O3,0.05,11,0.6666666666666666,0.3284671532846715,0.3381995133819951
graph_social__topo=mgn_phi0.70_rho0.10__O3__b0.05__P10__c0.70__fobs__s12,O3,0.05,12,0.3333333333333333,0.527972027972028,-0.1946386946386947
graph_social__topo=mgn_phi0.70_rho0.10__O3__b0.05__P10__c0.70__fobs__s13,O3,0.05,13,0.3333333333333333,0.31363636363636366,0.019696969696969657
graph_social__topo=mgn_phi0.70_rho0.10__O3__b0.05__P10__c0.70__fobs__s14,O3,0.05,14,0.6666666666666666,0.4051094890510949,0.26155717761557173
graph_social__topo=mgn_phi0.70_rho0.10__O3__b0.05__P10__c0.70__fobs__s15,O3,0.05,15,1.0,0.47244094488188976,0.5275590551181102
graph_social__topo=mgn_phi0.70_rho0.10__O3__b0.05__P10__c0.70__fobs__s16,O3,0.05,16,0.0,0.2727272727272727,-0.2727272727272727
graph_social__topo=mgn_phi0.70_rho0.10__O3__b0.05__P10__c0.70__fobs__s17,O3,0.05,17,0.0,0.4943820224719101,-0.4943820224719101
graph_social__topo=mgn_phi0.70_rho0.10__O3__b0.05__P10__c0.70__fobs__s18,O3,0.05,18,0.5,0.3702290076335878,0.1297709923664122
graph_social__topo=mgn_phi0.70_rho0.10__O3__b0.05__P10__c0.70__fobs__s19,O3,0.05,19,1.0,0.4664179104477612,0.5335820895522387
graph_social__topo=mgn_phi0.70_rho0.10__O3__b0.05__P10__c0.70__fobs__s20,O3,0.05,20,1.0,0.5145985401459854,0.4854014598540146
graph_social__topo=mgn_phi0.70_rho0.10__O3__b0.05__P10__c0.70__fobs__s21,O3,0.05,21,0.0,0.3568281938325991,-0.3568281938325991
graph_social__topo=mgn_phi0.70_rho0.10__O3__b0.05__P10__c0.70__fobs__s22,O3,0.05,22,1.0,0.5055762081784386,0.4944237918215614
graph_social__topo=mgn_phi0.70_rho0.10__O3__b0.05__P10__c0.70__fobs__s23,O3,0.05,23,0.5,0.2826086956521739,0.2173913043478261
graph_social__topo=mgn_phi0.70_rho0.10__O3__b0.05__P10__c0.70__fobs__s24,O3,0.05,24,1.0,0.45081967213114754,0.5491803278688525
graph_social__topo=mgn_phi0.70_rho0.10__O3__b0.05__P10__c0.70__fobs__s25,O3,0.05,25,0.5,0.44074074074074077,0.059259259259259234
graph_social__topo=mgn_phi0.70_rho0.10__O3__b0.05__P10__c0.70__fobs__s26,O3,0.05,26,1.0,0.383399209486166,0.616600790513834
graph_social__topo=mgn_phi0.70_rho0.10__O3__b0.05__P10__c0.70__fobs__s27,O3,0.05,27,0.0,0.4375,-0.4375
graph_social__topo=mgn_phi0.70_rho0.10__O3__b0.05__P10__c0.70__fobs__s28,O3,0.05,28,0.0,0.425,-0.425
graph_social__topo=mgn_phi0.70_rho0.10__O3__b0.05__P10__c0.70__fobs__s29,O3,0.05,29,0.5,0.47843137254901963,0.02156862745098037
graph_social__topo=mgn_phi0.70_rho0.10__O4__b0.005__P10__c0.70__fobs__s1,O4,0.005,1,1.0,0.6875,0.3125
graph_social__topo=mgn_phi0.70_rho0.10__O4__b0.005__P10__c0.70__fobs__s18,O4,0.005,18,1.0,0.75,0.25
graph_social__topo=mgn_phi0.70_rho0.10__O4__b0.01__P10__c0.70__fobs__s18,O4,0.01,18,1.0,0.625,0.375
graph_social__topo=mgn_phi0.70_rho0.10__O4__b0.02__P10__c0.70__fobs__s5,O4,0.02,5,1.0,0.631578947368421,0.368421052631579
graph_social__topo=mgn_phi0.70_rho0.10__O4__b0.02__P10__c0.70__fobs__s9,O4,0.02,9,0.25,0.30612244897959184,-0.056122448979591844
graph_social__topo=mgn_phi0.70_rho0.10__O4__b0.02__P10__c0.70__fobs__s10,O4,0.02,10,1.0,0.49056603773584906,0.5094339622641509
graph_social__topo=mgn_phi0.70_rho0.10__O4__b0.02__P10__c0.70__fobs__s20,O4,0.02,20,1.0,0.5111111111111111,0.48888888888888893
graph_social__topo=mgn_phi0.70_rho0.10__O4__b0.02__P10__c0.70__fobs__s24,O4,0.02,24,0.0,0.3695652173913043,-0.3695652173913043
graph_social__topo=mgn_phi0.70_rho0.10__O4__b0.02__P10__c0.70__fobs__s25,O4,0.02,25,1.0,0.30303030303030304,0.696969696969697
graph_social__topo=mgn_phi0.70_rho0.10__O4__b0.05__P10__c0.70__fobs__s0,O4,0.05,0,0.0,0.3925233644859813,-0.3925233644859813
graph_social__topo=mgn_phi0.70_rho0.10__O4__b0.05__P10__c0.70__fobs__s4,O4,0.05,4,0.0,0.5042735042735043,-0.5042735042735043
graph_social__topo=mgn_phi0.70_rho0.10__O4__b0.05__P10__c0.70__fobs__s5,O4,0.05,5,0.0,0.4,-0.4
graph_social__topo=mgn_phi0.70_rho0.10__O4__b0.05__P10__c0.70__fobs__s6,O4,0.05,6,0.0,0.45977011494252873,-0.45977011494252873
graph_social__topo=mgn_phi0.70_rho0.10__O4__b0.05__P10__c0.70__fobs__s7,O4,0.05,7,0.0,0.6030534351145038,-0.6030534351145038
graph_social__topo=mgn_phi0.70_rho0.10__O4__b0.05__P10__c0.70__fobs__s9,O4,0.05,9,1.0,0.39568345323741005,0.60431654676259
graph_social__topo=mgn_phi0.70_rho0.10__O4__b0.05__P10__c0.70__fobs__s10,O4,0.05,10,0.5,0.35384615384615387,0.14615384615384613
graph_social__topo=mgn_phi0.70_rho0.10__O4__b0.05__P10__c0.70__fobs__s11,O4,0.05,11,0.0,0.3942307692307692,-0.3942307692307692
graph_social__topo=mgn_phi0.70_rho0.10__O4__b0.05__P10__c0.70__fobs__s12,O4,0.05,12,0.0,0.4965034965034965,-0.4965034965034965
graph_social__topo=mgn_phi0.70_rho0.10__O4__b0.05__P10__c0.70__fobs__s17,O4,0.05,17,1.0,0.43661971830985913,0.5633802816901409
graph_social__topo=mgn_phi0.70_rho0.10__O4__b0.05__P10__c0.70__fobs__s18,O4,0.05,18,1.0,0.524822695035461,0.475177304964539
graph_social__topo=mgn_phi0.70_rho0.10__O4__b0.05__P10__c0.70__fobs__s19,O4,0.05,19,0.5,0.5222929936305732,-0.022292993630573243
graph_social__topo=mgn_phi0.70_rho0.10__O4__b0.05__P10__c0.70__fobs__s20,O4,0.05,20,0.0,0.5,-0.5
graph_social__topo=mgn_phi0.70_rho0.10__O4__b0.05__P10__c0.70__fobs__s21,O4,0.05,21,1.0,0.45255474452554745,0.5474452554744526
graph_social__topo=mgn_phi0.70_rho0.10__O4__b0.05__P10__c0.70__fobs__s22,O4,0.05,22,1.0,0.4396551724137931,0.5603448275862069
graph_social__topo=mgn_phi0.70_rho0.10__O4__b0.05__P10__c0.70__fobs__s23,O4,0.05,23,0.5,0.5547445255474452,-0.054744525547445244
graph_social__topo=mgn_phi0.70_rho0.10__O4__b0.05__P10__c0.70__fobs__s24,O4,0.05,24,1.0,0.4117647058823529,0.5882352941176471
graph_social__topo=mgn_phi0.70_rho0.10__O4__b0.05__P10__c0.70__fobs__s25,O4,0.05,25,1.0,0.3879310344827586,0.6120689655172413
graph_social__topo=mgn_phi0.70_rho0.10__O4__b0.05__P10__c0.70__fobs__s26,O4,0.05,26,1.0,0.5277777777777778,0.4722222222222222
graph_social__topo=mgn_phi0.70_rho0.10__O4__b0.05__P10__c0.70__fobs__s27,O4,0.05,27,1.0,0.4,0.6
graph_social__topo=mgn_phi0.70_rho0.10__O4__b0.05__P10__c0.70__fobs__s29,O4,0.05,29,0.0,0.3474576271186441,-0.3474576271186441
