objective,budget_frac,seed,stopped_early
O1,0.005,0,False
O1,0.005,1,False
O1,0.005,2,False
O1,0.005,3,False
O1,0.005,4,False
O1,0.005,5,False
O1,0.005,6,False
O1,0.005,7,False
O1,0.005,8,False
O1,0.005,9,False
O1,0.005,10,False
O1,0.005,11,False
O1,0.005,12,False
O1,0.005,13,False
O1,0.005,14,False
O1,0.005,15,False
O1,0.005,16,False
O1,0.005,17,False
O1,0.005,18,False
O1,0.005,19,False
O1,0.005,20,False
O1,0.005,21,False
O1,0.005,22,False
O1,0.005,23,False
O1,0.005,24,False
O1,0.005,25,False
O1,0.005,26,False
O1,0.005,27,False
O1,0.005,28,False
O1,0.005,29,False
O1,0.01,0,False
O1,0.01,1,False
O1,0.01,2,False
O1,0.01,3,False
O1,0.01,4,False
O1,0.01,5,False
O1,0.01,6,False
O1,0.01,7,False
O1,0.01,8,False
O1,0.01,9,False
O1,0.01,10,False
O1,0.01,11,False
O1,0.01,12,False
O1,0.01,13,False
O1,0.01,14,False
O1,0.01,15,False
O1,0.01,16,False
O1,0.01,17,False
O1,0.01,18,False
O1,0.01,19,False
O1,0.01,20,False
O1,0.01,21,False
O1,0.01,22,False
O1,0.01,23,False
O1,0.01,24,False
O1,0.01,25,False
O1,0.01,26,False
O1,0.01,27,False
O1,0.01,28,False
O1,0.01,29,False
O1,0.02,0,False
O1,0.02,1,False
O1,0.02,2,False
O1,0.02,3,False
O1,0.02,4,False
O1,0.02,5,False
O1,0.02,6,False
O1,0.02,7,False
O1,0.02,8,False
O1,0.02,9,False
O1,0.02,10,False
O1,0.02,11,False
O1,0.02,12,False
O1,0.02,13,False
O1,0.02,14,False
O1,0.02,15,False
O1,0.02,16,False
O1,0.02,17,False
O1,0.02,18,False
O1,0.02,19,False
O1,0.02,20,False
O1,0.02,21,False
O1,0.02,22,False
O1,0.02,23,False
O1,0.02,24,False
O1,0.02,25,False
O1,0.02,26,False
O1,0.02,27,False
O1,0.02,28,False
O1,0.02,29,False
O1,0.05,0,False
O1,0.05,1,False
O1,0.05,2,False
O1,0.05,3,False
O1,0.05,4,False
O1,0.05,5,False
O1,0.05,6,False
O1,0.05,7,False
O1,0.05,8,False
O1,0.05,9,False
O1,0.05,10,False
O1,0.05,11,False
O1,0.05,12,False
O1,0.05,13,False
O1,0.05,14,False
O1,0.05,15,False
O1,0.05,16,False
O1,0.05,17,False
O1,0.05,18,False
O1,0.05,19,False
O1,0.05,20,False
O1,0.05,21,False
O1,0.05,22,False
O1,0.05,23,False
O1,0.05,24,False
O1,0.05,25,False
O1,0.05,26,False
O1,0.05,27,False
O1,0.05,28,False
O1,0.05,29,False
O2,0.005,0,False
O2,0.005,1,False
O2,0.005,2,False
O2,0.005,3,False
O2,0.005,4,False
O2,0.005,5,False
O2,0.005,6,False
O2,0.005,7,False
O2,0.005,8,False
O2,0.005,9,False
O2,0.005,10,False
O2,0.005,11,False
O2,0.005,12,False
O2,0.005,13,False
O2,0.005,14,False
O2,0.005,15,False
O2,0.005,16,False
O2,0.005,17,False
O2,0.005,18,False
O2,0.005,19,False
O2,0.005,20,False
O2,0.005,21,False
O2,0.005,22,False
O2,0.005,23,False
O2,0.005,24,False
O2,0.005,25,False
O2,0.005,26,False
O2,0.005,27,False
O2,0.005,28,False
O2,0.005,29,False
O2,0.01,0,False
O2,0.01,1,False
O2,0.01,2,False
O2,0.01,3,False
O2,0.01,4,False
O2,0.01,5,False
O2,0.01,6,False
O2,0.01,7,False
O2,0.01,8,False
O2,0.01,9,False
O2,0.01,10,False
O2,0.01,11,False
O2,0.01,12,False
O2,0.01,13,False
O2,0.01,14,False
O2,0.01,15,False
O2,0.01,16,False
O2,0.01,17,False
O2,0.01,18,False
O2,0.01,19,False
O2,0.01,20,False
O2,0.01,21,False
O2,0.01,22,False
O2,0.01,23,False
O2,0.01,24,False
O2,0.01,25,False
O2,0.01,26,False
O2,0.01,27,False
O2,0.01,28,False
O2,0.01,29,False
O2,0.02,0,False
O2,0.02,1,False
O2,0.02,2,False
O2,0.02,3,False
O2,0.02,4,False
O2,0.02,5,False
O2,0.02,6,False
O2,0.02,7,False
O2,0.02,8,False
O2,0.02,9,False
O2,0.02,10,False
O2,0.02,11,False
O2,0.02,12,False
O2,0.02,13,False
O2,0.02,14,False
O2,0.02,15,False
O2,0.02,16,False
O2,0.02,17,False
O2,0.02,18,False
O2,0.02,19,False
O2,0.02,20,False
O2,0.02,21,False
O2,0.02,22,False
O2,0.02,23,False
O2,0.02,24,False
O2,0.02,25,False
O2,0.02,26,False
O2,0.02,27,False
O2,0.02,28,False
O2,0.02,29,False
O2,0.05,0,False
O2,0.05,1,False
O2,0.05,2,False
O2,0.05,3,False
O2,0.05,4,False
O2,0.05,5,False
O2,0.05,6,False
O2,0.05,7,False
O2,0.05,8,False
O2,0.05,9,False
O2,0.05,10,False
O2,0.05,11,False
O2,0.05,12,False
O2,0.05,13,False
O2,0.05,14,False
O2,0.05,15,False
O2,0.05,16,False
O2,0.05,17,False
O2,0.05,18,False
O2,0.05,19,False
O2,0.05,20,False
O2,0.05,21,False
O2,0.05,22,False
O2,0.05,23,False
O2,0.05,24,False
O2,0.05,25,False
O2,0.05,26,False
O2,0.05,27,False
O2,0.05,28,False
O2,0.05,29,False
O3,0.005,0,False
O3,0.005,1,False
O3,0.005,2,False
O3,0.005,3,False
O3,0.005,4,False
O3,0.005,5,False
O3,0.005,6,False
O3,0.005,7,False
O3,0.005,8,False
O3,0.005,9,False
O3,0.005,10,False
O3,0.005,11,False
O3,0.005,12,False
O3,0.005,13,False
O3,0.005,14,False
O3,0.005,15,False
O3,0.005,16,False
O3,0.005,17,False
O3,0.005,18,False
O3,0.005,19,False
O3,0.005,20,False
O3,0.005,21,False
O3,0.005,22,False
O3,0.005,23,False
O3,0.005,24,False
O3,0.005,25,False
O3,0.005,26,False
O3,0.005,27,False
O3,0.005,28,False
O3,0.005,29,False
O3,0.01,0,False
O3,0.01,1,False
O3,0.01,2,False
O3,0.01,3,False
O3,0.01,4,False
O3,0.01,5,False
O3,0.01,6,False
O3,0.01,7,False
O3,0.01,8,False
O3,0.01,9,False
O3,0.01,10,False
O3,0.01,11,False
O3,0.01,12,False
O3,0.01,13,False
O3,0.01,14,False
O3,0.01,15,False
O3,0.01,16,False
O3,0.01,17,False
O3,0.01,18,False
O3,0.01,19,False
O3,0.01,20,False
O3,0.01,21,False
O3,0.01,22,False
O3,0.01,23,False
O3,0.01,24,False
O3,0.01,25,False
O3,0.01,26,False
O3,0.01,27,False
O3,0.01,28,False
O3,0.01,29,False
O3,0.02,0,False
O3,0.02,1,False
O3,0.02,2,False
O3,0.02,3,False
O3,0.02,4,False
O3,0.02,5,False
O3,0.02,6,False
O3,0.02,7,False
O3,0.02,8,False
O3,0.02,9,False
O3,0.02,10,False
O3,0.02,11,False
O3,0.02,12,False
O3,0.02,13,False
O3,0.02,14,False
O3,0.02,15,False
O3,0.02,16,False
O3,0.02,17,False
O3,0.02,18,False
O3,0.02,19,False
O3,0.02,20,False
O3,0.02,21,False
O3,0.02,22,False
O3,0.02,23,False
O3,0.02,24,False
O3,0.02,25,False
O3,0.02,26,False
O3,0.02,27,False
O3,0.02,28,False
O3,0.02,29,False
O3,0.05,0,False
O3,0.05,1,False
O3,0.05,2,False
O3,0.05,3,False
O3,0.05,4,False
O3,0.05,5,False
O3,0.05,6,False
O3,0.05,7,False
O3,0.05,8,False
O3,0.05,9,False
O3,0.05,10,False
O3,0.05,11,False
O3,0.05,12,False
O3,0.05,13,False
O3,0.05,14,False
O3,0.05,15,False
O3,0.05,16,False
O3,0.05,17,False
O3,0.05,18,False
O3,0.05,19,False
O3,0.05,20,False
O3,0.05,21,False
O3,0.05,22,False
O3,0.05,23,False
O3,0.05,24,False
O3,0.05,25,False
O3,0.05,26,False
O3,0.05,27,False
O3,0.05,28,False
O3,0.05,29,False
O4,0.005,0,False
O4,0.005,1,False
O4,0.005,2,False
O4,0.005,3,False
O4,0.005,4,False
O4,0.005,5,False
O4,0.005,6,False
O4,0.005,7,False
O4,0.005,8,False
O4,0.005,9,False
O4,0.005,10,False
O4,0.005,11,False
O4,0.005,12,False
O4,0.005,13,False
O4,0.005,14,False
O4,0.005,15,False
O4,0.005,16,False
O4,0.005,17,False
O4,0.005,18,False
O4,0.005,19,False
O4,0.005,20,False
O4,0.005,21,False
O4,0.005,22,False
O4,0.005,23,False
O4,0.005,24,False
O4,0.005,25,False
O4,0.005,26,False
O4,0.005,27,False
O4,0.005,28,False
O4,0.005,29,False
O4,0.01,0,False
O4,0.01,1,False
O4,0.01,2,False
O4,0.01,3,False
O4,0.01,4,False
O4,0.01,5,False
O4,0.01,6,False
O4,0.01,7,False
O4,0.01,8,False
O4,0.01,9,False
O4,0.01,10,False
O4,0.01,11,False
O4,0.01,12,False
O4,0.01,13,False
O4,0.01,14,False
O4,0.01,15,False
O4,0.01,16,False
O4,0.01,17,False
O4,0.01,18,False
O4,0.01,19,False
O4,0.01,20,False
O4,0.01,21,False
O4,0.01,22,False
O4,0.01,23,False
O4,0.01,24,False
O4,0.01,25,False
O4,0.01,26,False
O4,0.01,27,False
O4,0.01,28,False
O4,0.01,29,False
O4,0.02,0,False
O4,0.02,1,False
O4,0.02,2,False
O4,0.02,3,False
O4,0.02,4,False
O4,0.02,5,False
O4,0.02,6,False
O4,0.02,7,False
O4,0.02,8,False
O4,0.02,9,False
O4,0.02,10,False
O4,0.02,11,False
O4,0.02,12,False
O4,0.02,13,False
O4,0.02,14,False
O4,0.02,15,False
O4,0.02,16,False
O4,0.02,17,False
O4,0.02,18,False
O4,0.02,19,False
O4,0.02,20,False
O4,0.02,21,False
O4,0.02,22,False
O4,0.02,23,False
O4,0.02,24,False
O4,0.02,25,False
O4,0.02,26,False
O4,0.02,27,False
O4,0.02,28,False
O4,0.02,29,False
O4,0.05,0,False
O4,0.05,1,False
O4,0.05,2,False
O4,0.05,3,False
O4,0.05,4,False
O4,0.05,5,False
O4,0.05,6,False
O4,0.05,7,False
O4,0.05,8,False
O4,0.05,9,False
O4,0.05,10,False
O4,0.05,11,False
O4,0.05,12,False
O4,0.05,13,False
O4,0.05,14,False
O4,0.05,15,False
O4,0.05,16,False
O4,0.05,17,False
O4,0.05,18,False
O4,0.05,19,False
O4,0.05,20,False
O4,0.05,21,False
O4,0.05,22,False
O4,0.05,23,False
O4,0.05,24,False
O4,0.05,25,False
O4,0.05,26,False
O4,0.05,27,False
O4,0.05,28,False
O4,0.05,29,False
