objective,budget_frac,pool_N,budget_B,P,T,initial_design_evals,update_iterations,update_evals,remainder_evals_near_elite
O1,0.005,8697,44,10,4,10,3,30,4
O1,0.01,8697,87,10,8,10,7,70,7
O1,0.02,8697,174,10,17,10,16,160,4
O1,0.05,8697,435,10,43,10,42,420,5
O2,0.005,8697,44,10,4,10,3,30,4
O2,0.01,8697,87,10,8,10,7,70,7
O2,0.02,8697,174,10,17,10,16,160,4
O2,0.05,8697,435,10,43,10,42,420,5
O3,0.005,8697,44,10,4,10,3,30,4
O3,0.01,8697,87,10,8,10,7,70,7
O3,0.02,8697,174,10,17,10,16,160,4
O3,0.05,8697,435,10,43,10,42,420,5
O4,0.005,5359,40,10,4,10,3,30,0
O4,0.01,5359,54,10,5,10,4,40,4
O4,0.02,5359,108,10,10,10,9,90,8
O4,0.05,5359,268,10,26,10,25,250,8
